price,area,floor,rooms_number,complex,developer,address
14886115,22.7,,0,Событие,Donstroi,"ул. Лобачевского, 114, Москва, 119361"
15028200,24.2,,0,Событие,Donstroi,"ул. Лобачевского, 114, Москва, 119361"
15388100,24.7,,0,Символ,Donstroi,"Москва, улица Крузенштерна, 2"
15410598,24.5,,0,Событие,Donstroi,"ул. Лобачевского, 114, Москва, 119361"
15575900,41.5,,0,Символ,Donstroi,"Москва, улица Крузенштерна, 2"
15775700,41.0,,0,Символ,Donstroi,"Москва, улица Крузенштерна, 2"
15865030,22.7,,0,Событие,Donstroi,"ул. Лобачевского, 114, Москва, 119361"
16012580,22.7,,0,Событие,Donstroi,"ул. Лобачевского, 114, Москва, 119361"
16243040,24.2,,0,Событие,Donstroi,"ул. Лобачевского, 114, Москва, 119361"
16277300,24.7,,0,Символ,Donstroi,"Москва, улица Крузенштерна, 2"
16466450,24.5,,0,Событие,Donstroi,"ул. Лобачевского, 114, Москва, 119361"
18615353,34.6,,1,Символ,Donstroi,"Москва, улица Крузенштерна, 2"
18664800,33.6,,1,Символ,Donstroi,"Москва, улица Крузенштерна, 2"
18760560,36.4,,1,Символ,Donstroi,"Москва, улица Крузенштерна, 2"
18875502,35.9,,1,Символ,Donstroi,"Москва, улица Крузенштерна, 2"
18931888,34.2,,1,Символ,Donstroi,"Москва, улица Крузенштерна, 2"
18978360,35.6,,1,Символ,Donstroi,"Москва, улица Крузенштерна, 2"
18993390,40.3,,1,Символ,Donstroi,"Москва, улица Крузенштерна, 2"
19050880,41.2,,1,Символ,Donstroi,"Москва, улица Крузенштерна, 2"
19069360,34.9,,1,Символ,Donstroi,"Москва, улица Крузенштерна, 2"
19124560,36.4,,1,Символ,Donstroi,"Москва, улица Крузенштерна, 2"
19220040,40.6,,1,Символ,Donstroi,"Москва, улица Крузенштерна, 2"
19239980,40.1,,1,Символ,Donstroi,"Москва, улица Крузенштерна, 2"
19245654,43.7,,1,Символ,Donstroi,"Москва, улица Крузенштерна, 2"
19246920,30.8,,0,Символ,Donstroi,"Москва, улица Крузенштерна, 2"
19302612,29.1,,0,Остров,Donstroi,"ул. Нижние Мнёвники, 37А строение 2, Москва, 123423"
19504590,39.3,,1,Символ,Donstroi,"Москва, улица Крузенштерна, 2"
19520680,40.1,,1,Символ,Donstroi,"Москва, улица Крузенштерна, 2"
19620780,34.9,,1,Символ,Donstroi,"Москва, улица Крузенштерна, 2"
19626040,40.6,,1,Символ,Donstroi,"Москва, улица Крузенштерна, 2"
19630389,36.7,,1,Символ,Donstroi,"Москва, улица Крузенштерна, 2"
19697160,39.3,,1,Символ,Donstroi,"Москва, улица Крузенштерна, 2"
19739860,36.2,,1,Символ,Donstroi,"Москва, улица Крузенштерна, 2"
19751620,38.6,,1,Символ,Donstroi,"Москва, улица Крузенштерна, 2"
19753439,34.7,,1,Символ,Donstroi,"Москва, улица Крузенштерна, 2"
19828820,38.6,,1,Символ,Donstroi,"Москва, улица Крузенштерна, 2"
19964110,37.7,,1,Символ,Donstroi,"Москва, улица Крузенштерна, 2"
19983840,37.2,,1,Символ,Donstroi,"Москва, улица Крузенштерна, 2"
20014250,35.9,,1,Символ,Donstroi,"Москва, улица Крузенштерна, 2"
20014250,35.9,,1,Символ,Donstroi,"Москва, улица Крузенштерна, 2"
20026260,42.6,,1,Символ,Donstroi,"Москва, улица Крузенштерна, 2"
20074320,39.2,,1,Символ,Donstroi,"Москва, улица Крузенштерна, 2"
20111460,42.6,,1,Символ,Donstroi,"Москва, улица Крузенштерна, 2"
20181700,38.5,,1,Символ,Donstroi,"Москва, улица Крузенштерна, 2"
20229650,35.9,,1,Символ,Donstroi,"Москва, улица Крузенштерна, 2"
20229650,35.9,,1,Символ,Donstroi,"Москва, улица Крузенштерна, 2"
20246660,36.2,,1,Символ,Donstroi,"Москва, улица Крузенштерна, 2"
20283414,40.7,,1,Символ,Donstroi,"Москва, улица Крузенштерна, 2"
20319060,36.2,,1,Символ,Donstroi,"Москва, улица Крузенштерна, 2"
20373250,35.9,,1,Символ,Donstroi,"Москва, улица Крузенштерна, 2"
20373250,35.9,,1,Символ,Donstroi,"Москва, улица Крузенштерна, 2"
20424300,39.0,,1,Символ,Donstroi,"Москва, улица Крузенштерна, 2"
20449612,54.3,,1,Символ,Donstroi,"Москва, улица Крузенштерна, 2"
20462400,34.8,,1,Символ,Donstroi,"Москва, улица Крузенштерна, 2"
20474870,37.7,,1,Символ,Donstroi,"Москва, улица Крузенштерна, 2"
20516850,35.9,,1,Символ,Donstroi,"Москва, улица Крузенштерна, 2"
20580300,39.0,,1,Символ,Donstroi,"Москва, улица Крузенштерна, 2"
20586480,37.2,,1,Символ,Donstroi,"Москва, улица Крузенштерна, 2"
20621040,29.2,,0,Остров,Donstroi,"ул. Нижние Мнёвники, 37А строение 2, Москва, 123423"
20625570,44.1,,1,Символ,Donstroi,"Москва, улица Крузенштерна, 2"
20655910,39.7,,1,Символ,Donstroi,"Москва, улица Крузенштерна, 2"
20660880,37.2,,1,Символ,Donstroi,"Москва, улица Крузенштерна, 2"
20742840,36.7,,1,Символ,Donstroi,"Москва, улица Крузенштерна, 2"
20987520,40.8,,1,Символ,Donstroi,"Москва, улица Крузенштерна, 2"
20987590,37.7,,1,Символ,Donstroi,"Москва, улица Крузенштерна, 2"
21067720,45.2,,1,Символ,Donstroi,"Москва, улица Крузенштерна, 2"
21069120,40.8,,1,Символ,Donstroi,"Москва, улица Крузенштерна, 2"
21147083,39.4,,1,Символ,Donstroi,"Москва, улица Крузенштерна, 2"
21147902,41.5,,1,Символ,Donstroi,"Москва, улица Крузенштерна, 2"
21221640,46.6,,1,Символ,Donstroi,"Москва, улица Крузенштерна, 2"
21224262,41.5,,1,Символ,Donstroi,"Москва, улица Крузенштерна, 2"
21228720,39.4,,1,Символ,Donstroi,"Москва, улица Крузенштерна, 2"
21407802,38.7,,1,Символ,Donstroi,"Москва, улица Крузенштерна, 2"
21410780,36.7,,1,Символ,Donstroi,"Москва, улица Крузенштерна, 2"
21454473,36.3,,1,Символ,Donstroi,"Москва, улица Крузенштерна, 2"
21530990,43.7,,1,Символ,Donstroi,"Москва, улица Крузенштерна, 2"
21532880,52.6,,1,Символ,Donstroi,"Москва, улица Крузенштерна, 2"
21534030,39.9,,1,Символ,Donstroi,"Москва, улица Крузенштерна, 2"
21550632,41.0,,1,Символ,Donstroi,"Москва, улица Крузенштерна, 2"
21563680,43.9,,1,Символ,Donstroi,"Москва, улица Крузенштерна, 2"
21607580,43.9,,1,Символ,Donstroi,"Москва, улица Крузенштерна, 2"
21667980,45.8,,1,Символ,Donstroi,"Москва, улица Крузенштерна, 2"
21681030,34.3,,1,Символ,Donstroi,"Москва, улица Крузенштерна, 2"
21772600,54.7,,1,Символ,Donstroi,"Москва, улица Крузенштерна, 2"
21785580,35.7,,1,Символ,Donstroi,"Москва, улица Крузенштерна, 2"
21918400,41.2,,1,Символ,Donstroi,"Москва, улица Крузенштерна, 2"
21946765,39.4,,1,Символ,Donstroi,"Москва, улица Крузенштерна, 2"
22046460,46.6,,1,Символ,Donstroi,"Москва, улица Крузенштерна, 2"
22082680,35.6,,1,Символ,Donstroi,"Москва, улица Крузенштерна, 2"
22104600,39.9,,1,Символ,Donstroi,"Москва, улица Крузенштерна, 2"
22115220,39.4,,1,Символ,Donstroi,"Москва, улица Крузенштерна, 2"
22162020,43.1,,1,Символ,Donstroi,"Москва, улица Крузенштерна, 2"
22296280,35.6,,1,Символ,Donstroi,"Москва, улица Крузенштерна, 2"
22367480,35.6,,1,Символ,Donstroi,"Москва, улица Крузенштерна, 2"
22375820,44.6,,1,Символ,Donstroi,"Москва, улица Крузенштерна, 2"
22413960,41.4,,1,Символ,Donstroi,"Москва, улица Крузенштерна, 2"
22468920,45.2,,1,Символ,Donstroi,"Москва, улица Крузенштерна, 2"
22491630,39.9,,1,Символ,Donstroi,"Москва, улица Крузенштерна, 2"
22536840,40.4,,1,Символ,Donstroi,"Москва, улица Крузенштерна, 2"
22584390,42.5,,1,Символ,Donstroi,"Москва, улица Крузенштерна, 2"
22672740,44.3,,1,Символ,Donstroi,"Москва, улица Крузенштерна, 2"
22694950,38.5,,1,Символ,Donstroi,"Москва, улица Крузенштерна, 2"
22732620,44.6,,1,Символ,Donstroi,"Москва, улица Крузенштерна, 2"
22751400,39.0,,1,Символ,Donstroi,"Москва, улица Крузенштерна, 2"
22772280,39.6,,1,Символ,Donstroi,"Москва, улица Крузенштерна, 2"
22804800,48.0,,1,Символ,Donstroi,"Москва, улица Крузенштерна, 2"
22810830,39.9,,1,Символ,Donstroi,"Москва, улица Крузенштерна, 2"
22812930,44.1,,1,Символ,Donstroi,"Москва, улица Крузенштерна, 2"
22900800,48.0,,1,Символ,Donstroi,"Москва, улица Крузенштерна, 2"
22901130,44.1,,1,Символ,Donstroi,"Москва, улица Крузенштерна, 2"
22908600,44.5,,1,Символ,Donstroi,"Москва, улица Крузенштерна, 2"
22934780,39.1,,1,Символ,Donstroi,"Москва, улица Крузенштерна, 2"
22941200,41.5,,1,Символ,Donstroi,"Москва, улица Крузенштерна, 2"
22989330,44.1,,1,Символ,Donstroi,"Москва, улица Крузенштерна, 2"
22996800,48.0,,1,Символ,Donstroi,"Москва, улица Крузенштерна, 2"
23032500,41.5,,1,Символ,Donstroi,"Москва, улица Крузенштерна, 2"
23076080,47.2,,1,Символ,Donstroi,"Москва, улица Крузенштерна, 2"
23107170,38.1,,1,Символ,Donstroi,"Москва, улица Крузенштерна, 2"
23142330,39.3,,1,Символ,Donstroi,"Москва, улица Крузенштерна, 2"
23151018,45.3,,1,Символ,Donstroi,"Москва, улица Крузенштерна, 2"
23165150,39.5,,1,Символ,Donstroi,"Москва, улица Крузенштерна, 2"
23196420,43.1,,1,Символ,Donstroi,"Москва, улица Крузенштерна, 2"
23231880,43.9,,1,Символ,Donstroi,"Москва, улица Крузенштерна, 2"
23320860,39.4,,1,Символ,Donstroi,"Москва, улица Крузенштерна, 2"
23333700,40.5,,1,Символ,Donstroi,"Москва, улица Крузенштерна, 2"
23482800,44.0,,1,Символ,Donstroi,"Москва, улица Крузенштерна, 2"
23542950,41.5,,1,Символ,Donstroi,"Москва, улица Крузенштерна, 2"
23602370,43.7,,1,Символ,Donstroi,"Москва, улица Крузенштерна, 2"
23606730,44.1,,1,Символ,Donstroi,"Москва, улица Крузенштерна, 2"
23643540,41.4,,1,Символ,Donstroi,"Москва, улица Крузенштерна, 2"
23694930,44.1,,1,Символ,Donstroi,"Москва, улица Крузенштерна, 2"
23716200,43.5,,1,Символ,Donstroi,"Москва, улица Крузенштерна, 2"
23739730,40.9,,1,Символ,Donstroi,"Москва, улица Крузенштерна, 2"
23780190,36.1,,1,Символ,Donstroi,"Москва, улица Крузенштерна, 2"
23922800,44.0,,1,Символ,Donstroi,"Москва, улица Крузенштерна, 2"
23938840,38.6,,1,Символ,Donstroi,"Москва, улица Крузенштерна, 2"
23938860,43.7,,1,Символ,Donstroi,"Москва, улица Крузенштерна, 2"
24148800,48.0,,1,Символ,Donstroi,"Москва, улица Крузенштерна, 2"
24229377,57.2,,2,Символ,Donstroi,"Москва, улица Крузенштерна, 2"
24403220,43.1,,1,Символ,Donstroi,"Москва, улица Крузенштерна, 2"
24544000,41.6,,1,Символ,Donstroi,"Москва, улица Крузенштерна, 2"
24616250,42.5,,1,Символ,Donstroi,"Москва, улица Крузенштерна, 2"
24653976,59.0,,2,Символ,Donstroi,"Москва, улица Крузенштерна, 2"
24854200,57.4,,2,Символ,Donstroi,"Москва, улица Крузенштерна, 2"
24860220,46.2,,1,Символ,Donstroi,"Москва, улица Крузенштерна, 2"
24935540,55.4,,2,Символ,Donstroi,"Москва, улица Крузенштерна, 2"
25013640,39.6,,1,Символ,Donstroi,"Москва, улица Крузенштерна, 2"
25046340,55.4,,2,Символ,Donstroi,"Москва, улица Крузенштерна, 2"
25085500,55.0,,2,Символ,Donstroi,"Москва, улица Крузенштерна, 2"
25118850,45.3,,1,Символ,Donstroi,"Москва, улица Крузенштерна, 2"
25136540,44.2,,1,Символ,Donstroi,"Москва, улица Крузенштерна, 2"
25163110,58.1,,2,Символ,Donstroi,"Москва, улица Крузенштерна, 2"
25267940,55.4,,2,Символ,Donstroi,"Москва, улица Крузенштерна, 2"
25292090,62.9,,2,Символ,Donstroi,"Москва, улица Крузенштерна, 2"
25326600,44.2,,1,Символ,Donstroi,"Москва, улица Крузенштерна, 2"
25369828,47.3,,1,Событие,Donstroi,"ул. Лобачевского, 114, Москва, 119361"
25395180,45.3,,1,Символ,Donstroi,"Москва, улица Крузенштерна, 2"
25396800,48.0,,1,Символ,Donstroi,"Москва, улица Крузенштерна, 2"
25470780,43.9,,1,Символ,Donstroi,"Москва, улица Крузенштерна, 2"
25527840,62.4,,2,Символ,Donstroi,"Москва, улица Крузенштерна, 2"
25652640,62.4,,2,Символ,Donstroi,"Москва, улица Крузенштерна, 2"
25761090,55.3,,2,Символ,Donstroi,"Москва, улица Крузенштерна, 2"
25803960,55.6,,2,Символ,Donstroi,"Москва, улица Крузенштерна, 2"
25821980,43.9,,1,Символ,Donstroi,"Москва, улица Крузенштерна, 2"
25832190,57.3,,2,Символ,Donstroi,"Москва, улица Крузенштерна, 2"
25838200,68.5,,2,Символ,Donstroi,"Москва, улица Крузенштерна, 2"
25902240,62.4,,2,Символ,Donstroi,"Москва, улица Крузенштерна, 2"
25932740,55.4,,2,Символ,Donstroi,"Москва, улица Крузенштерна, 2"
26000480,58.4,,2,Символ,Donstroi,"Москва, улица Крузенштерна, 2"
26009530,38.3,,1,Остров,Donstroi,"ул. Нижние Мнёвники, 37А строение 2, Москва, 123423"
26013020,63.4,,2,Символ,Donstroi,"Москва, улица Крузенштерна, 2"
26079640,70.6,,2,Символ,Donstroi,"Москва, улица Крузенштерна, 2"
26099980,64.7,,2,Символ,Donstroi,"Москва, улица Крузенштерна, 2"
26150810,58.1,,2,Символ,Donstroi,"Москва, улица Крузенштерна, 2"
26151240,38.3,,1,Остров,Donstroi,"ул. Нижние Мнёвники, 37А строение 2, Москва, 123423"
26178160,67.4,,2,Символ,Donstroi,"Москва, улица Крузенштерна, 2"
26207800,59.0,,2,Символ,Donstroi,"Москва, улица Крузенштерна, 2"
26245560,67.4,,2,Символ,Donstroi,"Москва, улица Крузенштерна, 2"
26353170,66.7,,2,Символ,Donstroi,"Москва, улица Крузенштерна, 2"
26390604,67.4,,2,Символ,Donstroi,"Москва, улица Крузенштерна, 2"
26393420,63.4,,2,Символ,Donstroi,"Москва, улица Крузенштерна, 2"
26433730,64.3,,2,Символ,Donstroi,"Москва, улица Крузенштерна, 2"
26508330,57.3,,2,Символ,Donstroi,"Москва, улица Крузенштерна, 2"
26515160,67.4,,2,Символ,Donstroi,"Москва, улица Крузенштерна, 2"
26552400,69.6,,2,Символ,Donstroi,"Москва, улица Крузенштерна, 2"
26622930,57.3,,2,Символ,Donstroi,"Москва, улица Крузенштерна, 2"
26708340,55.4,,2,Символ,Donstroi,"Москва, улица Крузенштерна, 2"
26739018,61.5,,2,Символ,Donstroi,"Москва, улица Крузенштерна, 2"
26741340,45.9,,1,Событие,Donstroi,"ул. Лобачевского, 114, Москва, 119361"
26776857,49.6,,1,Событие,Donstroi,"ул. Лобачевского, 114, Москва, 119361"
26784760,67.4,,2,Символ,Donstroi,"Москва, улица Крузенштерна, 2"
26913810,67.1,,2,Символ,Donstroi,"Москва, улица Крузенштерна, 2"
27005496,34.8,,1,Остров,Donstroi,"ул. Нижние Мнёвники, 37А строение 2, Москва, 123423"
27048010,67.1,,2,Символ,Donstroi,"Москва, улица Крузенштерна, 2"
27055840,40.6,,1,Остров,Donstroi,"ул. Нижние Мнёвники, 37А строение 2, Москва, 123423"
27135180,64.7,,2,Символ,Donstroi,"Москва, улица Крузенштерна, 2"
27136080,59.6,,2,Символ,Donstroi,"Москва, улица Крузенштерна, 2"
27160380,68.9,,2,Символ,Donstroi,"Москва, улица Крузенштерна, 2"
27189630,66.3,,2,Символ,Donstroi,"Москва, улица Крузенштерна, 2"
27229280,68.9,,2,Символ,Donstroi,"Москва, улица Крузенштерна, 2"
27314432,64.0,,2,Символ,Donstroi,"Москва, улица Крузенштерна, 2"
27445520,59.2,,2,Символ,Donstroi,"Москва, улица Крузенштерна, 2"
27449820,64.2,,2,Символ,Donstroi,"Москва, улица Крузенштерна, 2"
27470700,65.5,,2,Символ,Donstroi,"Москва, улица Крузенштерна, 2"
27486030,47.3,,1,Событие,Donstroi,"ул. Лобачевского, 114, Москва, 119361"
27501440,38.8,,1,Остров,Donstroi,"ул. Нижние Мнёвники, 37А строение 2, Москва, 123423"
27524640,62.4,,2,Символ,Donstroi,"Москва, улица Крузенштерна, 2"
27567980,63.8,,2,Символ,Donstroi,"Москва, улица Крузенштерна, 2"
27623800,59.0,,2,Символ,Donstroi,"Москва, улица Крузенштерна, 2"
27710032,69.4,,2,Символ,Donstroi,"Москва, улица Крузенштерна, 2"
27725740,40.6,,1,Остров,Donstroi,"ул. Нижние Мнёвники, 37А строение 2, Москва, 123423"
27737981,43.4,,1,Остров,Donstroi,"ул. Нижние Мнёвники, 37А строение 2, Москва, 123423"
27749960,59.6,,2,Символ,Donstroi,"Москва, улица Крузенштерна, 2"
27841920,40.8,,1,Остров,Donstroi,"ул. Нижние Мнёвники, 37А строение 2, Москва, 123423"
27878796,67.4,,2,Символ,Donstroi,"Москва, улица Крузенштерна, 2"
27898760,60.4,,2,Символ,Donstroi,"Москва, улица Крузенштерна, 2"
27964200,63.0,,2,Символ,Donstroi,"Москва, улица Крузенштерна, 2"
27997200,70.7,,2,Символ,Donstroi,"Москва, улица Крузенштерна, 2"
28010160,62.4,,2,Символ,Donstroi,"Москва, улица Крузенштерна, 2"
28012500,45.0,,1,Остров,Donstroi,"ул. Нижние Мнёвники, 37А строение 2, Москва, 123423"
28019040,49.6,,1,Событие,Donstroi,"ул. Лобачевского, 114, Москва, 119361"
28092500,66.1,,2,Символ,Donstroi,"Москва, улица Крузенштерна, 2"
28112200,38.3,,1,Остров,Donstroi,"ул. Нижние Мнёвники, 37А строение 2, Москва, 123423"
28139500,67.4,,2,Символ,Donstroi,"Москва, улица Крузенштерна, 2"
28189168,62.0,,2,Символ,Donstroi,"Москва, улица Крузенштерна, 2"
28273200,64.0,,2,Символ,Donstroi,"Москва, улица Крузенштерна, 2"
28297410,66.1,,2,Символ,Donstroi,"Москва, улица Крузенштерна, 2"
28344270,44.7,,1,Остров,Donstroi,"ул. Нижние Мнёвники, 37А строение 2, Москва, 123423"
28356870,55.7,,1,Символ,Donstroi,"Москва, улица Крузенштерна, 2"
28396000,62.0,,2,Символ,Donstroi,"Москва, улица Крузенштерна, 2"
28402360,67.4,,2,Символ,Donstroi,"Москва, улица Крузенштерна, 2"
28407470,68.9,,2,Символ,Donstroi,"Москва, улица Крузенштерна, 2"
28411080,64.4,,2,Символ,Donstroi,"Москва, улица Крузенштерна, 2"
28415840,67.4,,2,Символ,Donstroi,"Москва, улица Крузенштерна, 2"
28423200,59.4,,2,Символ,Donstroi,"Москва, улица Крузенштерна, 2"
28429610,66.1,,2,Символ,Donstroi,"Москва, улица Крузенштерна, 2"
28438400,63.2,,2,Символ,Donstroi,"Москва, улица Крузенштерна, 2"
28476208,69.4,,2,Символ,Donstroi,"Москва, улица Крузенштерна, 2"
28514270,69.7,,2,Символ,Donstroi,"Москва, улица Крузенштерна, 2"
28526100,64.5,,2,Символ,Donstroi,"Москва, улица Крузенштерна, 2"
28618860,63.9,,2,Символ,Donstroi,"Москва, улица Крузенштерна, 2"
28653670,69.7,,2,Символ,Donstroi,"Москва, улица Крузенштерна, 2"
28771200,55.5,,2,Символ,Donstroi,"Москва, улица Крузенштерна, 2"
28782000,46.8,,1,Остров,Donstroi,"ул. Нижние Мнёвники, 37А строение 2, Москва, 123423"
28793070,69.7,,2,Символ,Donstroi,"Москва, улица Крузенштерна, 2"
28855200,44.0,,1,Остров,Donstroi,"ул. Нижние Мнёвники, 37А строение 2, Москва, 123423"
28941600,49.6,,1,Событие,Donstroi,"ул. Лобачевского, 114, Москва, 119361"
28955160,46.8,,1,Остров,Donstroi,"ул. Нижние Мнёвники, 37А строение 2, Москва, 123423"
28992000,64.0,,2,Символ,Donstroi,"Москва, улица Крузенштерна, 2"
29018400,67.8,,2,Символ,Donstroi,"Москва, улица Крузенштерна, 2"
29071870,69.7,,2,Символ,Donstroi,"Москва, улица Крузенштерна, 2"
29104200,55.5,,2,Символ,Donstroi,"Москва, улица Крузенштерна, 2"
29153600,53.2,,2,Символ,Donstroi,"Москва, улица Крузенштерна, 2"
29190000,64.8,,2,Символ,Donstroi,"Москва, улица Крузенштерна, 2"
29211260,70.7,,3,Символ,Donstroi,"Москва, улица Крузенштерна, 2"
29215200,55.5,,2,Символ,Donstroi,"Москва, улица Крузенштерна, 2"
29299360,64.3,,2,Символ,Donstroi,"Москва, улица Крузенштерна, 2"
29336520,64.1,,2,Символ,Donstroi,"Москва, улица Крузенштерна, 2"
29372720,46.3,,1,Событие,Donstroi,"ул. Лобачевского, 114, Москва, 119361"
29409500,44.9,,1,Остров,Donstroi,"ул. Нижние Мнёвники, 37А строение 2, Москва, 123423"
29683790,46.1,,1,Остров,Donstroi,"ул. Нижние Мнёвники, 37А строение 2, Москва, 123423"
29766400,64.0,,2,Символ,Donstroi,"Москва, улица Крузенштерна, 2"
29948040,49.2,,1,Событие,Donstroi,"ул. Лобачевского, 114, Москва, 119361"
30057090,63.5,,2,Символ,Donstroi,"Москва, улица Крузенштерна, 2"
30199500,45.0,,1,Остров,Donstroi,"ул. Нижние Мнёвники, 37А строение 2, Москва, 123423"
30276400,44.0,,1,Остров,Donstroi,"ул. Нижние Мнёвники, 37А строение 2, Москва, 123423"
30327800,69.4,,2,Символ,Donstroi,"Москва, улица Крузенштерна, 2"
30352290,70.9,,3,Символ,Donstroi,"Москва, улица Крузенштерна, 2"
30380800,75.2,,2,Символ,Donstroi,"Москва, улица Крузенштерна, 2"
30413500,65.0,,2,Символ,Donstroi,"Москва, улица Крузенштерна, 2"
30429480,47.8,,1,Остров,Donstroi,"ул. Нижние Мнёвники, 37А строение 2, Москва, 123423"
30459280,69.1,,2,Символ,Donstroi,"Москва, улица Крузенштерна, 2"
30734240,75.2,,2,Символ,Donstroi,"Москва, улица Крузенштерна, 2"
30773600,71.5,,2,Символ,Donstroi,"Москва, улица Крузенштерна, 2"
30847040,75.2,,2,Символ,Donstroi,"Москва, улица Крузенштерна, 2"
30873880,69.1,,2,Символ,Donstroi,"Москва, улица Крузенштерна, 2"
30884070,69.7,,2,Символ,Donstroi,"Москва, улица Крузенштерна, 2"
30905050,67.7,,2,Символ,Donstroi,"Москва, улица Крузенштерна, 2"
30934650,76.1,,2,Символ,Donstroi,"Москва, улица Крузенштерна, 2"
31012080,69.1,,2,Символ,Donstroi,"Москва, улица Крузенштерна, 2"
31044370,70.7,,3,Символ,Donstroi,"Москва, улица Крузенштерна, 2"
31176060,68.7,,2,Символ,Donstroi,"Москва, улица Крузенштерна, 2"
31182620,67.7,,2,Символ,Donstroi,"Москва, улица Крузенштерна, 2"
31262720,68.8,,2,Символ,Donstroi,"Москва, улица Крузенштерна, 2"
31288000,80.0,,3,Символ,Donstroi,"Москва, улица Крузенштерна, 2"
31288320,67.9,,2,Символ,Donstroi,"Москва, улица Крузенштерна, 2"
31379730,73.3,,2,Символ,Donstroi,"Москва, улица Крузенштерна, 2"
31492350,42.3,,1,Остров,Donstroi,"ул. Нижние Мнёвники, 37А строение 2, Москва, 123423"
31504400,45.2,,1,Остров,Donstroi,"ул. Нижние Мнёвники, 37А строение 2, Москва, 123423"
31786560,62.4,,2,Символ,Donstroi,"Москва, улица Крузенштерна, 2"
31813200,81.6,,2,Символ,Donstroi,"Москва, улица Крузенштерна, 2"
31892640,74.1,,2,Символ,Donstroi,"Москва, улица Крузенштерна, 2"
32007160,79.6,,3,Символ,Donstroi,"Москва, улица Крузенштерна, 2"
32063640,68.6,,2,Символ,Donstroi,"Москва, улица Крузенштерна, 2"
32104800,68.6,,2,Символ,Donstroi,"Москва, улица Крузенштерна, 2"
32111940,70.7,,3,Символ,Donstroi,"Москва, улица Крузенштерна, 2"
32189710,70.7,,2,Символ,Donstroi,"Москва, улица Крузенштерна, 2"
32388544,78.6,,3,Символ,Donstroi,"Москва, улица Крузенштерна, 2"
32419400,67.4,,2,Символ,Donstroi,"Москва, улица Крузенштерна, 2"
32461710,66.1,,2,Символ,Donstroi,"Москва, улица Крузенштерна, 2"
32518010,79.1,,2,Символ,Donstroi,"Москва, улица Крузенштерна, 2"
32520800,47.2,,1,Остров,Donstroi,"ул. Нижние Мнёвники, 37А строение 2, Москва, 123423"
32670480,69.1,,2,Символ,Donstroi,"Москва, улица Крузенштерна, 2"
32805500,45.5,,1,Остров,Donstroi,"ул. Нижние Мнёвники, 37А строение 2, Москва, 123423"
32844000,47.6,,1,Остров,Donstroi,"ул. Нижние Мнёвники, 37А строение 2, Москва, 123423"
32867150,55.1,,2,Остров,Donstroi,"ул. Нижние Мнёвники, 37А строение 2, Москва, 123423"
32883680,55.1,,2,Остров,Donstroi,"ул. Нижние Мнёвники, 37А строение 2, Москва, 123423"
33006990,73.3,,2,Символ,Donstroi,"Москва, улица Крузенштерна, 2"
33029200,56.8,,2,Остров,Donstroi,"ул. Нижние Мнёвники, 37А строение 2, Москва, 123423"
33074640,56.8,,2,Остров,Donstroi,"ул. Нижние Мнёвники, 37А строение 2, Москва, 123423"
33103040,75.2,,2,Символ,Donstroi,"Москва, улица Крузенштерна, 2"
33131840,74.7,,2,Событие,Donstroi,"ул. Лобачевского, 114, Москва, 119361"
33296778,74.7,,2,Событие,Donstroi,"ул. Лобачевского, 114, Москва, 119361"
33315660,57.9,,2,Остров,Donstroi,"ул. Нижние Мнёвники, 37А строение 2, Москва, 123423"
33466560,56.8,,2,Остров,Donstroi,"ул. Нижние Мнёвники, 37А строение 2, Москва, 123423"
33519560,79.6,,3,Символ,Donstroi,"Москва, улица Крузенштерна, 2"
33554680,75.1,,2,Символ,Donstroi,"Москва, улица Крузенштерна, 2"
33698400,76.0,,2,Символ,Donstroi,"Москва, улица Крузенштерна, 2"
33700800,47.2,,1,Остров,Donstroi,"ул. Нижние Мнёвники, 37А строение 2, Москва, 123423"
33764101,74.7,,2,Событие,Donstroi,"ул. Лобачевского, 114, Москва, 119361"
33777000,48.6,,1,Остров,Donstroi,"ул. Нижние Мнёвники, 37А строение 2, Москва, 123423"
34083100,56.9,,2,Остров,Donstroi,"ул. Нижние Мнёвники, 37А строение 2, Москва, 123423"
34180310,66.1,,2,Символ,Donstroi,"Москва, улица Крузенштерна, 2"
34224600,78.5,,2,Символ,Donstroi,"Москва, улица Крузенштерна, 2"
34243300,45.5,,1,Остров,Donstroi,"ул. Нижние Мнёвники, 37А строение 2, Москва, 123423"
34283321,68.3,,2,Событие,Donstroi,"ул. Лобачевского, 114, Москва, 119361"
34287300,48.6,,1,Остров,Donstroi,"ул. Нижние Мнёвники, 37А строение 2, Москва, 123423"
34343830,55.1,,2,Остров,Donstroi,"ул. Нижние Мнёвники, 37А строение 2, Москва, 123423"
34386573,64.1,,2,Остров,Donstroi,"ул. Нижние Мнёвники, 37А строение 2, Москва, 123423"
34640520,76.2,,2,Событие,Donstroi,"ул. Лобачевского, 114, Москва, 119361"
34644800,47.2,,1,Остров,Donstroi,"ул. Нижние Мнёвники, 37А строение 2, Москва, 123423"
34663550,76.1,,2,Событие,Donstroi,"ул. Лобачевского, 114, Москва, 119361"
34721050,45.5,,1,Остров,Donstroi,"ул. Нижние Мнёвники, 37А строение 2, Москва, 123423"
34748000,47.6,,1,Остров,Donstroi,"ул. Нижние Мнёвники, 37А строение 2, Москва, 123423"
34773300,48.6,,1,Остров,Donstroi,"ул. Нижние Мнёвники, 37А строение 2, Москва, 123423"
34841340,48.6,,1,Остров,Donstroi,"ул. Нижние Мнёвники, 37А строение 2, Москва, 123423"
34882680,78.6,,3,Символ,Donstroi,"Москва, улица Крузенштерна, 2"
34895800,74.5,,2,Событие,Donstroi,"ул. Лобачевского, 114, Москва, 119361"
35018720,78.8,,2,Событие,Donstroi,"ул. Лобачевского, 114, Москва, 119361"
35021520,76.2,,2,Событие,Donstroi,"ул. Лобачевского, 114, Москва, 119361"
35095400,75.8,,3,Символ,Donstroi,"Москва, улица Крузенштерна, 2"
35096950,67.3,,2,Символ,Donstroi,"Москва, улица Крузенштерна, 2"
35116800,47.2,,1,Остров,Donstroi,"ул. Нижние Мнёвники, 37А строение 2, Москва, 123423"
35173380,82.2,,3,Символ,Donstroi,"Москва, улица Крузенштерна, 2"
35247000,75.8,,3,Символ,Donstroi,"Москва, улица Крузенштерна, 2"
35346640,56.8,,2,Остров,Donstroi,"ул. Нижние Мнёвники, 37А строение 2, Москва, 123423"
35548800,80.0,,3,Символ,Donstroi,"Москва, улица Крузенштерна, 2"
35639730,76.3,,3,Символ,Donstroi,"Москва, улица Крузенштерна, 2"
35673660,47.3,,1,Остров,Donstroi,"ул. Нижние Мнёвники, 37А строение 2, Москва, 123423"
35748880,55.1,,2,Остров,Donstroi,"ул. Нижние Мнёвники, 37А строение 2, Москва, 123423"
35814240,81.6,,3,Символ,Donstroi,"Москва, улица Крузенштерна, 2"
35870900,67.3,,2,Событие,Donstroi,"ул. Лобачевского, 114, Москва, 119361"
35875450,56.9,,2,Остров,Donstroi,"ул. Нижние Мнёвники, 37А строение 2, Москва, 123423"
35926280,76.7,,2,Событие,Donstroi,"ул. Лобачевского, 114, Москва, 119361"
35938000,47.6,,1,Остров,Donstroi,"ул. Нижние Мнёвники, 37А строение 2, Москва, 123423"
35966700,69.3,,2,Событие,Donstroi,"ул. Лобачевского, 114, Москва, 119361"
35997930,74.7,,2,Событие,Donstroi,"ул. Лобачевского, 114, Москва, 119361"
36091526,64.8,,2,Остров,Donstroi,"ул. Нижние Мнёвники, 37А строение 2, Москва, 123423"
36164178,72.7,,2,Событие,Donstroi,"ул. Лобачевского, 114, Москва, 119361"
36236500,68.5,,2,Событие,Donstroi,"ул. Лобачевского, 114, Москва, 119361"
36289520,56.8,,2,Остров,Donstroi,"ул. Нижние Мнёвники, 37А строение 2, Москва, 123423"
36351310,47.9,,1,Остров,Donstroi,"ул. Нижние Мнёвники, 37А строение 2, Москва, 123423"
36459420,73.3,,2,Событие,Donstroi,"ул. Лобачевского, 114, Москва, 119361"
36496473,68.8,,2,Событие,Donstroi,"ул. Лобачевского, 114, Москва, 119361"
36507900,71.5,,2,Событие,Donstroi,"ул. Лобачевского, 114, Москва, 119361"
36509260,55.1,,2,Остров,Donstroi,"ул. Нижние Мнёвники, 37А строение 2, Москва, 123423"
36594400,74.5,,2,Событие,Donstroi,"ул. Лобачевского, 114, Москва, 119361"
36608824,86.0,,3,Символ,Donstroi,"Москва, улица Крузенштерна, 2"
36618360,78.8,,2,Событие,Donstroi,"ул. Лобачевского, 114, Москва, 119361"
36635800,58.9,,2,Остров,Donstroi,"ул. Нижние Мнёвники, 37А строение 2, Москва, 123423"
36652910,66.6,,2,Остров,Donstroi,"ул. Нижние Мнёвники, 37А строение 2, Москва, 123423"
36727872,84.0,,3,Символ,Donstroi,"Москва, улица Крузенштерна, 2"
36762464,79.6,,3,Символ,Donstroi,"Москва, улица Крузенштерна, 2"
36818610,57.9,,2,Остров,Donstroi,"ул. Нижние Мнёвники, 37А строение 2, Москва, 123423"
37059480,67.8,,2,Событие,Donstroi,"ул. Лобачевского, 114, Москва, 119361"
37067640,84.1,,3,Символ,Donstroi,"Москва, улица Крузенштерна, 2"
37165820,92.2,,2,Символ,Donstroi,"Москва, улица Крузенштерна, 2"
37166693,71.3,,2,Событие,Donstroi,"ул. Лобачевского, 114, Москва, 119361"
37234980,76.9,,2,Событие,Donstroi,"ул. Лобачевского, 114, Москва, 119361"
37246600,71.0,,2,Событие,Donstroi,"ул. Лобачевского, 114, Москва, 119361"
37300560,79.6,,2,Событие,Donstroi,"ул. Лобачевского, 114, Москва, 119361"
37303640,56.9,,2,Остров,Donstroi,"ул. Нижние Мнёвники, 37А строение 2, Москва, 123423"
37348320,79.6,,3,Символ,Donstroi,"Москва, улица Крузенштерна, 2"
37450890,78.3,,2,Событие,Donstroi,"ул. Лобачевского, 114, Москва, 119361"
37491683,76.3,,3,Символ,Donstroi,"Москва, улица Крузенштерна, 2"
37502790,56.9,,2,Остров,Donstroi,"ул. Нижние Мнёвники, 37А строение 2, Москва, 123423"
37621710,93.1,,2,Символ,Donstroi,"Москва, улица Крузенштерна, 2"
37656420,56.9,,2,Остров,Donstroi,"ул. Нижние Мнёвники, 37А строение 2, Москва, 123423"
37697460,92.6,,3,Символ,Donstroi,"Москва, улица Крузенштерна, 2"
37715210,84.1,,3,Символ,Donstroi,"Москва, улица Крузенштерна, 2"
37807910,93.1,,2,Символ,Donstroi,"Москва, улица Крузенштерна, 2"
37821800,58.0,,2,Остров,Donstroi,"ул. Нижние Мнёвники, 37А строение 2, Москва, 123423"
37925710,58.9,,2,Остров,Donstroi,"ул. Нижние Мнёвники, 37А строение 2, Москва, 123423"
37992000,80.0,,3,Символ,Donstroi,"Москва, улица Крузенштерна, 2"
38098290,92.9,,3,Символ,Donstroi,"Москва, улица Крузенштерна, 2"
38099700,68.5,,2,Остров,Donstroi,"ул. Нижние Мнёвники, 37А строение 2, Москва, 123423"
38137600,47.2,,1,Остров,Donstroi,"ул. Нижние Мнёвники, 37А строение 2, Москва, 123423"
38155420,58.9,,2,Остров,Donstroi,"ул. Нижние Мнёвники, 37А строение 2, Москва, 123423"
38180310,93.1,,2,Символ,Donstroi,"Москва, улица Крузенштерна, 2"
38285150,61.9,,2,Остров,Donstroi,"ул. Нижние Мнёвники, 37А строение 2, Москва, 123423"
38320000,80.0,,3,Символ,Donstroi,"Москва, улица Крузенштерна, 2"
38545939,76.4,,2,Событие,Donstroi,"ул. Лобачевского, 114, Москва, 119361"
38650360,61.9,,2,Остров,Donstroi,"ул. Нижние Мнёвники, 37А строение 2, Москва, 123423"
38786860,75.8,,2,Событие,Donstroi,"ул. Лобачевского, 114, Москва, 119361"
38865000,50.0,,1,Остров,Donstroi,"ул. Нижние Мнёвники, 37А строение 2, Москва, 123423"
39008340,74.7,,2,Событие,Donstroi,"ул. Лобачевского, 114, Москва, 119361"
39035572,77.3,,2,Событие,Donstroi,"ул. Лобачевского, 114, Москва, 119361"
39081600,47.2,,1,Остров,Donstroi,"ул. Нижние Мнёвники, 37А строение 2, Москва, 123423"
39086460,92.6,,3,Символ,Donstroi,"Москва, улица Крузенштерна, 2"
39179060,92.6,,3,Символ,Donstroi,"Москва, улица Крузенштерна, 2"
39222400,47.6,,1,Остров,Donstroi,"ул. Нижние Мнёвники, 37А строение 2, Москва, 123423"
39247200,47.4,,1,Остров,Donstroi,"ул. Нижние Мнёвники, 37А строение 2, Москва, 123423"
39301220,69.4,,2,Остров,Donstroi,"ул. Нижние Мнёвники, 37А строение 2, Москва, 123423"
