developer,complex,metro_name,metro_walk_time,apartment_type,area,price,price for м2,Корпус,floor,rooms_number,Отделка,Срок сдачи
Среда,Среда на Лобачевского,Аминьевская,7 мин,Квартира студия,23.5 м2,12 186 207 ₽,518 562 ₽ за м2,5.3,6/13,200,Предчистовая,2 квартал 2027
Среда,Среда на Кутузовском,Кунцевская,7 мин,Квартира студия,23.03 м2,12 451 054 ₽,540 645 ₽ за м2,4.1,4/44,34,Предчистовая,4 квартал 2027
Среда,Среда на Лобачевского,Аминьевская,7 мин,Квартира студия,23.5 м2,12 229 517 ₽,520 405 ₽ за м2,5.3,7/13,207,Предчистовая,2 квартал 2027
Среда,Среда на Кутузовском,Кунцевская,7 мин,Квартира студия,25.12 м2,12 457 008 ₽,495 900 ₽ за м2,5,2/30,489,Предчистовая,4 квартал 2027
Среда,Среда на Лобачевского,Аминьевская,7 мин,Квартира студия,23.5 м2,12 309 300 ₽,523 800 ₽ за м2,5.3,9/13,221,Предчистовая,2 квартал 2027
Среда,Среда на Кутузовском,Кунцевская,7 мин,Квартира студия,25.12 м2,12 499 963 ₽,497 610 ₽ за м2,5,3/30,502,Предчистовая,4 квартал 2027
Среда,Среда на Лобачевского,Аминьевская,7 мин,Квартира студия,24.3 м2,12 341 775 ₽,507 892 ₽ за м2,5.7,2/13,419,Предчистовая,4 квартал 2027
Среда,Среда на Кутузовском,Кунцевская,7 мин,Квартира студия,22.93 м2,12 508 085 ₽,545 490 ₽ за м2,4.1,6/44,56,Предчистовая,4 квартал 2027
Среда,Среда на Лобачевского,Аминьевская,7 мин,Квартира студия,24.6 м2,12 463 122 ₽,506 631 ₽ за м2,5.2,3/13,96,Предчистовая,2 квартал 2027
Среда,Среда на Кутузовском,Кунцевская,7 мин,Квартира студия,22.93 м2,12 540 760 ₽,546 915 ₽ за м2,4.1,9/44,86,Предчистовая,4 квартал 2027
Среда,Среда на Лобачевского,Аминьевская,7 мин,Квартира студия,24.6 м2,12 670 722 ₽,515 070 ₽ за м2,5.2,8/13,131,Предчистовая,2 квартал 2027
Среда,Среда на Кутузовском,Кунцевская,7 мин,Квартира студия,22.93 м2,12 658 391 ₽,552 045 ₽ за м2,4.1,12/44,116,Предчистовая,4 квартал 2027
Среда,Среда на Лобачевского,Аминьевская,7 мин,Квартира студия,25.9 м2,12 689 627 ₽,489 947 ₽ за м2,5.6,3/13,245,Предчистовая,4 квартал 2027
Среда,Среда на Кутузовском,Кунцевская,7 мин,Квартира студия,22.93 м2,12 730 277 ₽,555 180 ₽ за м2,4.1,14/44,136,Предчистовая,4 квартал 2027
Среда,Среда на Кутузовском,Кунцевская,7 мин,Квартира студия,22.93 м2,12 778 201 ₽,557 270 ₽ за м2,4.1,7/44,67,Предчистовая,4 квартал 2027
Среда,Среда на Лобачевского,Аминьевская,7 мин,Квартира студия,24.6 м2,12 792 418 ₽,520 017 ₽ за м2,5.2,11/13,152,Предчистовая,2 квартал 2027
Среда,Среда на Кутузовском,Кунцевская,7 мин,Квартира студия,25.12 м2,12 812 581 ₽,510 055 ₽ за м2,5,10/30,591,Предчистовая,4 квартал 2027
Среда,Среда на Кутузовском,Кунцевская,7 мин,Квартира студия,22.93 м2,12 841 373 ₽,560 025 ₽ за м2,4.1,17/44,166,Предчистовая,4 квартал 2027
Среда,Среда на Кутузовском,Кунцевская,7 мин,Квартира студия,25.12 м2,12 886 560 ₽,513 000 ₽ за м2,5,12/30,617,Предчистовая,4 квартал 2027
Среда,Среда на Кутузовском,Кунцевская,7 мин,Квартира студия,22.93 м2,12 915 437 ₽,563 255 ₽ за м2,4.1,19/44,186,Предчистовая,4 квартал 2027
Среда,Среда на Кутузовском,Кунцевская,7 мин,Квартира студия,22.93 м2,12 952 469 ₽,564 870 ₽ за м2,4.1,20/44,196,Предчистовая,4 квартал 2027
Среда,Среда на Кутузовском,Кунцевская,7 мин,Квартира студия,22.93 м2,13 013 462 ₽,567 530 ₽ за м2,4.1,22/44,216,Предчистовая,4 квартал 2027
Среда,Среда на Лобачевского,Аминьевская,7 мин,Квартира студия,25.9 м2,13 063 960 ₽,504 400 ₽ за м2,5.6,10/13,301,Предчистовая,4 квартал 2027
Среда,Среда на Кутузовском,Кунцевская,7 мин,Квартира студия,25.12 м2,13 134 745 ₽,522 880 ₽ за м2,5,15/30,656,Предчистовая,4 квартал 2027
Среда,Среда на Кутузовском,Кунцевская,7 мин,Квартира студия,25.28 м2,13 208 800 ₽,522 500 ₽ за м2,5,16/30,668,Предчистовая,4 квартал 2027
Среда,Среда на Кутузовском,Кунцевская,7 мин,Квартира студия,25.28 м2,13 244 824 ₽,523 925 ₽ за м2,5,17/30,680,Предчистовая,4 квартал 2027
Среда,Среда на Кутузовском,Кунцевская,7 мин,Квартира студия,25.28 м2,13 422 542 ₽,530 955 ₽ за м2,5,22/30,740,Предчистовая,4 квартал 2027
Среда,Среда на Кутузовском,Кунцевская,7 мин,Квартира студия,25.28 м2,13 487 385 ₽,533 520 ₽ за м2,5,24/30,764,Предчистовая,4 квартал 2027
Среда,Среда на Кутузовском,Кунцевская,7 мин,Квартира студия,25.28 м2,13 583 449 ₽,537 320 ₽ за м2,5,27/30,800,Предчистовая,4 квартал 2027
Среда,Среда на Лобачевского,Аминьевская,7 мин,Квартира студия,23.5 м2,13 608 615 ₽,579 090 ₽ за м2,5.1,7/13,41,Предчистовая,2 квартал 2027
Среда,Среда на Кутузовском,Кунцевская,7 мин,Квартира студия,32.43 м2,13 863 825 ₽,427 500 ₽ за м2,4.2,2/12,396,Без отделки,4 квартал 2027
Среда,Среда на Лобачевского,Аминьевская,7 мин,1-комнатная квартира,35.6 м2,16 091 912 ₽,452 020 ₽ за м2,5.6,2/13,239,Предчистовая,4 квартал 2027
Среда,Среда на Лобачевского,Аминьевская,7 мин,1-комнатная квартира,38.2 м2,16 311 170 ₽,426 994 ₽ за м2,5.5,3/27,18,Предчистовая,4 квартал 2027
Среда,Среда на Кутузовском,Кунцевская,7 мин,1-комнатная квартира,31.61 м2,16 390 101 ₽,518 510 ₽ за м2,4.1,14/44,131,Предчистовая,4 квартал 2027
Среда,Среда на Лобачевского,Аминьевская,7 мин,1-комнатная квартира,35.6 м2,16 461 404 ₽,462 399 ₽ за м2,5.6,7/13,279,Предчистовая,4 квартал 2027
Среда,Среда на Кутузовском,Кунцевская,7 мин,1-комнатная квартира,31.03 м2,16 578 708 ₽,534 280 ₽ за м2,5,25/30,778,Предчистовая,4 квартал 2027
Среда,Среда на Лобачевского,Аминьевская,7 мин,1-комнатная квартира,35.6 м2,16 748 020 ₽,470 450 ₽ за м2,5.6,11/13,311,Предчистовая,4 квартал 2027
Среда,Среда на Кутузовском,Кунцевская,7 мин,1-комнатная квартира,31 м2,16 771 775 ₽,541 025 ₽ за м2,4.1,24/44,230,Предчистовая,4 квартал 2027
Среда,Среда на Кутузовском,Кунцевская,7 мин,1-комнатная квартира,31 м2,16 804 170 ₽,542 070 ₽ за м2,4.1,25/44,239,Предчистовая,4 квартал 2027
Среда,Среда на Лобачевского,Аминьевская,7 мин,1-комнатная квартира,35.6 м2,16 855 069 ₽,473 457 ₽ за м2,5.6,2/13,240,Предчистовая,4 квартал 2027
Среда,Среда на Лобачевского,Аминьевская,7 мин,1-комнатная квартира,35.6 м2,16 896 507 ₽,474 621 ₽ за м2,5.5,2/27,9,Предчистовая,4 квартал 2027
Среда,Среда на Кутузовском,Кунцевская,7 мин,1-комнатная квартира,31 м2,16 907 245 ₽,545 395 ₽ за м2,4.1,28/44,264,Предчистовая,4 квартал 2027
Среда,Среда на Лобачевского,Аминьевская,7 мин,1-комнатная квартира,36.3 м2,16 908 322 ₽,465 794 ₽ за м2,5.7,4/13,349,Предчистовая,4 квартал 2027
Среда,Среда на Лобачевского,Аминьевская,7 мин,1-комнатная квартира,35.8 м2,16 946 288 ₽,473 361 ₽ за м2,5.7,2/13,334,Предчистовая,4 квартал 2027
Среда,Среда на Кутузовском,Кунцевская,7 мин,1-комнатная квартира,31 м2,16 980 870 ₽,547 770 ₽ за м2,4.1,30/44,280,Предчистовая,4 квартал 2027
Среда,Среда на Лобачевского,Аминьевская,7 мин,1-комнатная квартира,34.3 м2,16 994 826 ₽,495 476 ₽ за м2,5.5,2/27,8,Предчистовая,4 квартал 2027
Среда,Среда на Кутузовском,Кунцевская,7 мин,1-комнатная квартира,33.89 м2,17 060 395 ₽,503 405 ₽ за м2,5,11/30,603,Предчистовая,4 квартал 2027
Среда,Среда на Кутузовском,Кунцевская,7 мин,1-комнатная квартира,31 м2,17 063 330 ₽,550 430 ₽ за м2,4.1,33/44,304,Предчистовая,4 квартал 2027
Среда,Среда на Кутузовском,Кунцевская,7 мин,1-комнатная квартира,31 м2,17 122 230 ₽,552 330 ₽ за м2,4.1,35/44,320,Предчистовая,4 квартал 2027
Среда,Среда на Кутузовском,Кунцевская,7 мин,1-комнатная квартира,31 м2,17 210 580 ₽,555 180 ₽ за м2,4.1,38/44,344,Предчистовая,4 квартал 2027
Среда,Среда на Лобачевского,Аминьевская,7 мин,1-комнатная квартира,35.6 м2,17 221 108 ₽,483 739 ₽ за м2,5.6,7/13,280,Предчистовая,4 квартал 2027
Среда,Среда на Лобачевского,Аминьевская,7 мин,1-комнатная квартира,36.3 м2,17 278 037 ₽,475 979 ₽ за м2,5.7,9/13,384,Предчистовая,4 квартал 2027
Среда,Среда на Лобачевского,Аминьевская,7 мин,1-комнатная квартира,35.7 м2,17 311 037 ₽,484 903 ₽ за м2,5.5,15/27,140,Предчистовая,4 квартал 2027
Среда,Среда на Лобачевского,Аминьевская,7 мин,1-комнатная квартира,35.3 м2,17 325 946 ₽,490 821 ₽ за м2,5.2,5/13,109,Предчистовая,2 квартал 2027
Среда,Среда на Лобачевского,Аминьевская,7 мин,1-комнатная квартира,38.4 м2,17 350 118 ₽,451 826 ₽ за м2,5.5,5/27,37,Предчистовая,4 квартал 2027
Среда,Среда на Лобачевского,Аминьевская,7 мин,1-комнатная квартира,35.8 м2,17 352 582 ₽,484 709 ₽ за м2,5.7,8/13,462,Предчистовая,4 квартал 2027
Среда,Среда на Кутузовском,Кунцевская,7 мин,1-комнатная квартира,35.26 м2,17 378 243 ₽,492 860 ₽ за м2,5,2/30,490,Предчистовая,4 квартал 2027
Среда,Среда на Кутузовском,Кунцевская,7 мин,1-комнатная квартира,31 м2,17 387 280 ₽,560 880 ₽ за м2,4.1,39/44,352,Предчистовая,4 квартал 2027
Среда,Среда на Лобачевского,Аминьевская,7 мин,1-комнатная квартира,35.8 м2,17 387 308 ₽,485 679 ₽ за м2,5.7,8/13,376,Предчистовая,4 квартал 2027
Среда,Среда на Лобачевского,Аминьевская,7 мин,1-комнатная квартира,35.3 м2,17 435 517 ₽,493 924 ₽ за м2,5.3,8/13,213,Предчистовая,2 квартал 2027
Среда,Среда на Кутузовском,Кунцевская,7 мин,1-комнатная квартира,36.2 м2,17 439 169 ₽,481 745 ₽ за м2,5,2/30,488,Предчистовая,4 квартал 2027
Среда,Среда на Лобачевского,Аминьевская,7 мин,1-комнатная квартира,35.8 м2,17 456 760 ₽,487 619 ₽ за м2,5.7,9/13,383,Предчистовая,4 квартал 2027
Среда,Среда на Лобачевского,Аминьевская,7 мин,1-комнатная квартира,37.1 м2,17 471 688 ₽,470 935 ₽ за м2,5.5,2/27,1,Предчистовая,4 квартал 2027
Среда,Среда на Лобачевского,Аминьевская,7 мин,1-комнатная квартира,35.7 м2,17 484 182 ₽,489 753 ₽ за м2,5.5,21/27,188,Предчистовая,4 квартал 2027
Среда,Среда на Лобачевского,Аминьевская,7 мин,1-комнатная квартира,36.3 м2,17 499 867 ₽,482 091 ₽ за м2,5.7,12/13,405,Предчистовая,4 квартал 2027
Среда,Среда на Лобачевского,Аминьевская,7 мин,1-комнатная квартира,35.6 м2,17 511 177 ₽,491 887 ₽ за м2,5.6,11/13,312,Предчистовая,4 квартал 2027
Среда,Среда на Лобачевского,Аминьевская,7 мин,1-комнатная квартира,38.4 м2,17 532 633 ₽,456 579 ₽ за м2,5.5,11/27,101,Предчистовая,4 квартал 2027
Среда,Среда на Лобачевского,Аминьевская,7 мин,1-комнатная квартира,35.7 м2,17 543 051 ₽,491 402 ₽ за м2,5.5,23/27,204,Предчистовая,4 квартал 2027
Среда,Среда на Лобачевского,Аминьевская,7 мин,1-комнатная квартира,35.3 м2,17 593 025 ₽,498 386 ₽ за м2,5.3,11/13,234,Предчистовая,2 квартал 2027
Среда,Среда на Лобачевского,Аминьевская,7 мин,1-комнатная квартира,36.2 м2,17 613 182 ₽,486 552 ₽ за м2,5.7,2/13,337,Предчистовая,4 квартал 2027
Среда,Среда на Лобачевского,Аминьевская,7 мин,1-комнатная квартира,35.3 м2,17 634 115 ₽,499 551 ₽ за м2,5.2,11/13,151,Предчистовая,2 квартал 2027
Среда,Среда на Лобачевского,Аминьевская,7 мин,1-комнатная квартира,35.8 м2,17 640 808 ₽,492 761 ₽ за м2,5.7,12/13,490,Предчистовая,4 квартал 2027
Среда,Среда на Лобачевского,Аминьевская,7 мин,1-комнатная квартира,37.1 м2,17 673 215 ₽,476 367 ₽ за м2,5.5,9/27,80,Предчистовая,4 квартал 2027
Среда,Среда на Лобачевского,Аминьевская,7 мин,1-комнатная квартира,35.8 м2,17 675 534 ₽,493 731 ₽ за м2,5.7,12/13,404,Предчистовая,4 квартал 2027
Среда,Среда на Лобачевского,Аминьевская,7 мин,1-комнатная квартира,36.2 м2,17 686 921 ₽,488 589 ₽ за м2,5.7,3/13,344,Предчистовая,4 квартал 2027
Среда,Среда на Лобачевского,Аминьевская,7 мин,1-комнатная квартира,38.6 м2,17 740 019 ₽,459 586 ₽ за м2,5.4,2/27,254,Предчистовая,2 квартал 2027
Среда,Среда на Лобачевского,Аминьевская,7 мин,1-комнатная квартира,38.9 м2,17 753 376 ₽,456 385 ₽ за м2,5.5,2/27,10,Предчистовая,4 квартал 2027
Среда,Среда на Лобачевского,Аминьевская,7 мин,1-комнатная квартира,35.3 м2,17 839 561 ₽,505 371 ₽ за м2,5.1,2/13,5,Предчистовая,2 квартал 2027
Среда,Среда на Лобачевского,Аминьевская,7 мин,1-комнатная квартира,38.9 м2,17 843 935 ₽,458 713 ₽ за м2,5.5,5/27,42,Предчистовая,4 квартал 2027
Среда,Среда на Кутузовском,Кунцевская,7 мин,1-комнатная квартира,33.98 м2,17 864 305 ₽,525 730 ₽ за м2,5,22/30,739,Предчистовая,4 квартал 2027
Среда,Среда на Кутузовском,Кунцевская,7 мин,1-комнатная квартира,36.84 м2,17 869 978 ₽,485 070 ₽ за м2,4.1,3/44,24,Предчистовая,4 квартал 2027
Среда,Среда на Лобачевского,Аминьевская,7 мин,1-комнатная квартира,36.5 м2,17 907 849 ₽,490 626 ₽ за м2,5.4,3/4,522,Предчистовая,2 квартал 2027
Среда,Среда на Кутузовском,Кунцевская,7 мин,1-комнатная квартира,35.53 м2,17 956 862 ₽,505 400 ₽ за м2,5,8/30,566,Предчистовая,4 квартал 2027
Среда,Среда на Лобачевского,Аминьевская,7 мин,1-комнатная квартира,38.4 м2,17 987 059 ₽,468 413 ₽ за м2,5.5,16/27,144,Предчистовая,4 квартал 2027
Среда,Среда на Лобачевского,Аминьевская,7 мин,1-комнатная квартира,39.9 м2,17 996 895 ₽,451 050 ₽ за м2,5.7,3/13,340,Предчистовая,4 квартал 2027
Среда,Среда на Лобачевского,Аминьевская,7 мин,1-комнатная квартира,38.9 м2,18 066 560 ₽,464 436 ₽ за м2,5.5,11/27,106,Предчистовая,4 квартал 2027
Среда,Среда на Кутузовском,Кунцевская,7 мин,1-комнатная квартира,33.86 м2,18 084 287 ₽,534 090 ₽ за м2,5,25/30,775,Предчистовая,4 квартал 2027
Среда,Среда на Лобачевского,Аминьевская,7 мин,1-комнатная квартира,38.5 м2,18 097 387 ₽,470 062 ₽ за м2,5.5,18/27,160,Предчистовая,4 квартал 2027
Среда,Среда на Лобачевского,Аминьевская,7 мин,1-комнатная квартира,36.2 м2,18 132 869 ₽,500 908 ₽ за м2,5.7,9/13,386,Предчистовая,4 квартал 2027
Среда,Среда на Лобачевского,Аминьевская,7 мин,1-комнатная квартира,38.4 м2,18 139 776 ₽,472 390 ₽ за м2,5.5,21/27,184,Предчистовая,4 квартал 2027
Среда,Среда на Кутузовском,Кунцевская,7 мин,1-комнатная квартира,35.53 м2,18 149 256 ₽,510 815 ₽ за м2,5,12/30,618,Предчистовая,4 квартал 2027
Среда,Среда на Кутузовском,Кунцевская,7 мин,1-комнатная квартира,33.86 м2,18 161 488 ₽,536 370 ₽ за м2,5,27/30,799,Предчистовая,4 квартал 2027
Среда,Среда на Лобачевского,Аминьевская,7 мин,1-комнатная квартира,35.3 м2,18 192 243 ₽,515 361 ₽ за м2,5.4,8/27,323,Предчистовая,2 квартал 2027
Среда,Среда на Лобачевского,Аминьевская,7 мин,1-комнатная квартира,38.4 м2,18 232 896 ₽,474 815 ₽ за м2,5.5,24/27,208,Предчистовая,4 квартал 2027
Среда,Среда на Лобачевского,Аминьевская,7 мин,1-комнатная квартира,38.6 м2,18 234 254 ₽,472 390 ₽ за м2,5.4,11/27,365,Предчистовая,2 квартал 2027
Среда,Среда на Лобачевского,Аминьевская,7 мин,1-комнатная квартира,36.5 м2,18 240 656 ₽,499 744 ₽ за м2,5.4,10/27,350,Предчистовая,2 квартал 2027
Среда,Среда на Лобачевского,Аминьевская,7 мин,1-комнатная квартира,38.7 м2,18 247 707 ₽,471 517 ₽ за м2,5.5,6/27,46,Предчистовая,4 квартал 2027
Среда,Среда на Кутузовском,Кунцевская,7 мин,1-комнатная квартира,34.48 м2,18 271 296 ₽,529 910 ₽ за м2,5,23/30,745,Предчистовая,4 квартал 2027
Среда,Среда на Лобачевского,Аминьевская,7 мин,1-комнатная квартира,39.2 м2,18 281 939 ₽,466 376 ₽ за м2,5.1,3/13,10,Предчистовая,2 квартал 2027
Среда,Среда на Лобачевского,Аминьевская,7 мин,1-комнатная квартира,36.2 м2,18 350 576 ₽,506 922 ₽ за м2,5.7,12/13,407,Предчистовая,4 квартал 2027
Среда,Среда на Кутузовском,Кунцевская,7 мин,1-комнатная квартира,35.61 м2,18 389 716 ₽,516 420 ₽ за м2,5,20/30,717,Предчистовая,4 квартал 2027
Среда,Среда на Кутузовском,Кунцевская,7 мин,1-комнатная квартира,40.38 м2,18 394 099 ₽,455 525 ₽ за м2,5,2/30,486,Предчистовая,4 квартал 2027
Среда,Среда на Лобачевского,Аминьевская,7 мин,1-комнатная квартира,38.6 м2,18 406 487 ₽,476 852 ₽ за м2,5.4,8/27,326,Предчистовая,2 квартал 2027
Среда,Среда на Лобачевского,Аминьевская,7 мин,1-комнатная квартира,38.7 м2,18 431 649 ₽,476 270 ₽ за м2,5.5,12/27,110,Предчистовая,4 квартал 2027
Среда,Среда на Кутузовском,Кунцевская,7 мин,1-комнатная квартира,34.74 м2,18 432 175 ₽,530 575 ₽ за м2,5,15/30,654,Предчистовая,4 квартал 2027
Среда,Среда на Кутузовском,Кунцевская,7 мин,1-комнатная квартира,35.53 м2,18 439 537 ₽,518 985 ₽ за м2,5,15/30,657,Предчистовая,4 квартал 2027
Среда,Среда на Лобачевского,Аминьевская,7 мин,1-комнатная квартира,38.8 м2,18 441 640 ₽,475 301 ₽ за м2,5.4,12/27,384,Предчистовая,2 квартал 2027
Среда,Среда на Лобачевского,Аминьевская,7 мин,1-комнатная квартира,39.2 м2,18 449 244 ₽,470 644 ₽ за м2,5.1,6/13,31,Предчистовая,2 квартал 2027
Среда,Среда на Лобачевского,Аминьевская,7 мин,1-комнатная квартира,39.9 м2,18 480 682 ₽,463 175 ₽ за м2,5.7,9/13,382,Предчистовая,4 квартал 2027
Среда,Среда на Кутузовском,Кунцевская,7 мин,1-комнатная квартира,35.47 м2,18 492 639 ₽,521 360 ₽ за м2,5,24/30,765,Предчистовая,4 квартал 2027
Среда,Среда на Кутузовском,Кунцевская,7 мин,1-комнатная квартира,41.64 м2,18 509 188 ₽,444 505 ₽ за м2,5,2/30,481,Предчистовая,4 квартал 2027
Среда,Среда на Лобачевского,Аминьевская,7 мин,1-комнатная квартира,36.4 м2,18 557 884 ₽,509 832 ₽ за м2,5.4,16/27,419,Предчистовая,2 квартал 2027
Среда,Среда на Кутузовском,Кунцевская,7 мин,1-комнатная квартира,35.47 м2,18 613 946 ₽,524 780 ₽ за м2,5,27/30,801,Предчистовая,4 квартал 2027
Среда,Среда на Лобачевского,Аминьевская,7 мин,1-комнатная квартира,36.6 м2,18 624 349 ₽,508 862 ₽ за м2,5.4,4/4,529,Предчистовая,2 квартал 2027
Среда,Среда на Кутузовском,Кунцевская,7 мин,1-комнатная квартира,40.38 м2,18 631 937 ₽,461 415 ₽ за м2,5,6/30,538,Предчистовая,4 квартал 2027
Среда,Среда на Кутузовском,Кунцевская,7 мин,1-комнатная квартира,40.68 м2,18 654 424 ₽,458 565 ₽ за м2,5,3/30,504,Предчистовая,4 квартал 2027
Среда,Среда на Лобачевского,Аминьевская,7 мин,1-комнатная квартира,39.2 м2,18 681 191 ₽,476 561 ₽ за м2,5.1,10/13,59,Предчистовая,2 квартал 2027
Среда,Среда на Лобачевского,Аминьевская,7 мин,1-комнатная квартира,36.4 м2,18 695 586 ₽,513 615 ₽ за м2,5.1,11/13,68,Предчистовая,2 квартал 2027
Среда,Среда на Лобачевского,Аминьевская,7 мин,1-комнатная квартира,39.9 м2,18 705 159 ₽,468 801 ₽ за м2,5.7,12/13,403,Предчистовая,4 квартал 2027
Среда,Среда на Кутузовском,Кунцевская,7 мин,1-комнатная квартира,43.02 м2,18 722 088 ₽,435 195 ₽ за м2,4.2,7/12,439,Без отделки,4 квартал 2027
Среда,Среда на Лобачевского,Аминьевская,7 мин,1-комнатная квартира,39.2 м2,18 745 832 ₽,478 210 ₽ за м2,5.4,22/27,472,Предчистовая,2 квартал 2027
Среда,Среда на Лобачевского,Аминьевская,7 мин,1-комнатная квартира,42.9 м2,18 754 979 ₽,437 179 ₽ за м2,5.4,3/4,524,Предчистовая,2 квартал 2027
Среда,Среда на Лобачевского,Аминьевская,7 мин,1-комнатная квартира,38.8 м2,18 908 326 ₽,487 328 ₽ за м2,5.5,16/27,143,Предчистовая,4 квартал 2027
Среда,Среда на Лобачевского,Аминьевская,7 мин,1-комнатная квартира,39.2 м2,18 935 952 ₽,483 060 ₽ за м2,5.4,19/27,448,Предчистовая,2 квартал 2027
Среда,Среда на Кутузовском,Кунцевская,7 мин,1-комнатная квартира,43.02 м2,18 950 955 ₽,440 515 ₽ за м2,4.2,11/12,471,Без отделки,4 квартал 2027
Среда,Среда на Кутузовском,Кунцевская,7 мин,1-комнатная квартира,40.38 м2,18 969 514 ₽,469 775 ₽ за м2,5,12/30,614,Предчистовая,4 квартал 2027
Среда,Среда на Лобачевского,Аминьевская,7 мин,1-комнатная квартира,37 м2,19 014 522 ₽,513 906 ₽ за м2,5.4,22/27,469,Предчистовая,2 квартал 2027
Среда,Среда на Лобачевского,Аминьевская,7 мин,1-комнатная квартира,38.8 м2,19 032 525 ₽,490 529 ₽ за м2,5.5,20/27,175,Предчистовая,4 квартал 2027
Среда,Среда на Лобачевского,Аминьевская,7 мин,1-комнатная квартира,37 м2,19 147 315 ₽,517 495 ₽ за м2,5.4,19/27,444,Предчистовая,2 квартал 2027
Среда,Среда на Лобачевского,Аминьевская,7 мин,1-комнатная квартира,40.8 м2,19 150 826 ₽,469 383 ₽ за м2,5.4,4/4,527,Предчистовая,2 квартал 2027
Среда,Среда на Лобачевского,Аминьевская,7 мин,1-комнатная квартира,41.3 м2,19 161 176 ₽,463 951 ₽ за м2,5.3,2/13,173,Предчистовая,2 квартал 2027
Среда,Среда на Лобачевского,Аминьевская,7 мин,1-комнатная квартира,38.8 м2,19 186 832 ₽,494 506 ₽ за м2,5.5,25/27,215,Предчистовая,4 квартал 2027
Среда,Среда на Лобачевского,Аминьевская,7 мин,1-комнатная квартира,39.2 м2,19 202 120 ₽,489 850 ₽ за м2,5.3,2/13,169,Предчистовая,2 квартал 2027
Среда,Среда на Кутузовском,Кунцевская,7 мин,1-комнатная квартира,40.47 м2,19 280 919 ₽,476 425 ₽ за м2,5,8/30,561,Предчистовая,4 квартал 2027
Среда,Среда на Лобачевского,Аминьевская,7 мин,1-комнатная квартира,37 м2,19 290 875 ₽,521 375 ₽ за м2,5.4,22/27,468,Предчистовая,2 квартал 2027
Среда,Среда на Лобачевского,Аминьевская,7 мин,1-комнатная квартира,41.5 м2,19 326 425 ₽,465 697 ₽ за м2,5.4,4/4,535,Предчистовая,2 квартал 2027
Среда,Среда на Лобачевского,Аминьевская,7 мин,1-комнатная квартира,41.3 м2,19 405 548 ₽,469 868 ₽ за м2,5.3,6/13,201,Предчистовая,2 квартал 2027
Среда,Среда на Лобачевского,Аминьевская,7 мин,1-комнатная квартира,41.5 м2,19 414 986 ₽,467 831 ₽ за м2,5.4,3/27,269,Предчистовая,2 квартал 2027
Среда,Среда на Лобачевского,Аминьевская,7 мин,1-комнатная квартира,39.2 м2,19 437 868 ₽,495 864 ₽ за м2,5.2,2/13,86,Предчистовая,2 квартал 2027
Среда,Среда на Кутузовском,Кунцевская,7 мин,1-комнатная квартира,40.47 м2,19 446 239 ₽,480 510 ₽ за м2,5,11/30,600,Предчистовая,4 квартал 2027
Среда,Среда на Кутузовском,Кунцевская,7 мин,1-комнатная квартира,40.47 м2,19 650 006 ₽,485 545 ₽ за м2,5,15/30,652,Предчистовая,4 квартал 2027
Среда,Среда на Лобачевского,Аминьевская,7 мин,2-комнатная квартира,51.1 м2,19 688 012 ₽,385 284 ₽ за м2,5.6,3/13,244,Предчистовая,4 квартал 2027
Среда,Среда на Лобачевского,Аминьевская,7 мин,1-комнатная квартира,42.9 м2,19 695 432 ₽,459 101 ₽ за м2,5.4,4/4,534,Предчистовая,2 квартал 2027
Среда,Среда на Лобачевского,Аминьевская,7 мин,1-комнатная квартира,39.2 м2,19 761 072 ₽,504 109 ₽ за м2,5.3,12/13,239,Предчистовая,2 квартал 2027
Среда,Среда на Лобачевского,Аминьевская,7 мин,1-комнатная квартира,44.1 м2,19 818 584 ₽,449 401 ₽ за м2,5.6,4/13,258,Предчистовая,4 квартал 2027
Среда,Среда на Лобачевского,Аминьевская,7 мин,1-комнатная квартира,41.3 м2,20 058 542 ₽,485 679 ₽ за м2,5.1,2/13,7,Предчистовая,2 квартал 2027
Среда,Среда на Лобачевского,Аминьевская,7 мин,1-комнатная квартира,41.6 м2,20 071 084 ₽,482 478 ₽ за м2,5.4,8/27,329,Предчистовая,2 квартал 2027
Среда,Среда на Кутузовском,Кунцевская,7 мин,1-комнатная квартира,47.54 м2,20 129 149 ₽,423 415 ₽ за м2,5,2/30,480,Предчистовая,4 квартал 2027
Среда,Среда на Лобачевского,Аминьевская,7 мин,2-комнатная квартира,51.1 м2,20 163 855 ₽,394 596 ₽ за м2,5.6,8/13,284,Предчистовая,4 квартал 2027
Среда,Среда на Кутузовском,Кунцевская,7 мин,1-комнатная квартира,47.54 м2,20 255 605 ₽,426 075 ₽ за м2,5,4/30,506,Предчистовая,4 квартал 2027
Среда,Среда на Лобачевского,Аминьевская,7 мин,1-комнатная квартира,41.3 м2,20 262 853 ₽,490 626 ₽ за м2,5.1,5/13,28,Предчистовая,2 квартал 2027
Среда,Среда на Лобачевского,Аминьевская,7 мин,2-комнатная квартира,51.1 м2,20 441 430 ₽,400 028 ₽ за м2,5.6,11/13,308,Предчистовая,4 квартал 2027
Среда,Среда на Лобачевского,Аминьевская,7 мин,1-комнатная квартира,44.1 м2,20 481 627 ₽,464 436 ₽ за м2,5.6,12/13,322,Предчистовая,4 квартал 2027
Среда,Среда на Лобачевского,Аминьевская,7 мин,2-комнатная квартира,55.5 м2,20 591 887 ₽,371 025 ₽ за м2,5.6,2/13,238,Предчистовая,4 квартал 2027
Среда,Среда на Кутузовском,Кунцевская,7 мин,1-комнатная квартира,47.54 м2,20 644 007 ₽,434 245 ₽ за м2,5,10/30,582,Предчистовая,4 квартал 2027
Среда,Среда на Кутузовском,Кунцевская,7 мин,1-комнатная квартира,47.45 м2,20 708 603 ₽,436 430 ₽ за м2,5,4/30,518,Предчистовая,4 квартал 2027
Среда,Среда на Лобачевского,Аминьевская,7 мин,2-комнатная квартира,52.7 м2,20 738 978 ₽,393 529 ₽ за м2,5.8,4/13,510,Предчистовая,4 квартал 2027
Среда,Среда на Лобачевского,Аминьевская,7 мин,2-комнатная квартира,53.5 м2,20 747 621 ₽,387 806 ₽ за м2,5.5,9/27,87,Предчистовая,4 квартал 2027
Среда,Среда на Лобачевского,Аминьевская,7 мин,2-комнатная квартира,54.7 м2,20 767 292 ₽,379 658 ₽ за м2,5.7,3/13,428,Предчистовая,4 квартал 2027
Среда,Среда на Лобачевского,Аминьевская,7 мин,2-комнатная квартира,53.5 м2,20 789 137 ₽,388 582 ₽ за м2,5.5,2/27,11,Предчистовая,4 квартал 2027
Среда,Среда на Лобачевского,Аминьевская,7 мин,2-комнатная квартира,54.3 м2,20 794 510 ₽,382 956 ₽ за м2,5.5,10/27,93,Предчистовая,4 квартал 2027
Среда,Среда на Кутузовском,Кунцевская,7 мин,1-комнатная квартира,47.54 м2,20 811 110 ₽,437 760 ₽ за м2,5,13/30,621,Предчистовая,4 квартал 2027
Среда,Среда на Кутузовском,Кунцевская,7 мин,1-комнатная квартира,47.54 м2,20 865 306 ₽,438 900 ₽ за м2,5,14/30,634,Предчистовая,4 квартал 2027
Среда,Среда на Лобачевского,Аминьевская,7 мин,2-комнатная квартира,54.3 м2,20 873 517 ₽,384 411 ₽ за м2,5.5,12/27,113,Предчистовая,4 квартал 2027
Среда,Среда на Лобачевского,Аминьевская,7 мин,2-комнатная квартира,53.5 м2,20 892 927 ₽,390 522 ₽ за м2,5.5,5/27,43,Предчистовая,4 квартал 2027
Среда,Среда на Лобачевского,Аминьевская,7 мин,2-комнатная квартира,55.5 м2,20 893 363 ₽,376 457 ₽ за м2,5.6,5/13,262,Предчистовая,4 квартал 2027
Среда,Среда на Кутузовском,Кунцевская,7 мин,1-комнатная квартира,40.42 м2,21 000 413 ₽,519 555 ₽ за м2,5,24/30,761,Предчистовая,4 квартал 2027
Среда,Среда на Кутузовском,Кунцевская,7 мин,2-комнатная квартира,55.79 м2,21 028 478 ₽,376 922 ₽ за м2,4.2,2/12,390,Без отделки,4 квартал 2027
Среда,Среда на Кутузовском,Кунцевская,7 мин,2-комнатная квартира,55.47 м2,21 044 153 ₽,379 379 ₽ за м2,4.2,2/12,389,Без отделки,4 квартал 2027
Среда,Среда на Лобачевского,Аминьевская,7 мин,2-комнатная квартира,53.4 м2,21 086 965 ₽,394 887 ₽ за м2,5.5,12/27,117,Предчистовая,4 квартал 2027
Среда,Среда на Кутузовском,Кунцевская,7 мин,1-комнатная квартира,47.78 м2,21 097 736 ₽,441 560 ₽ за м2,5,17/30,672,Предчистовая,4 квартал 2027
Среда,Среда на Кутузовском,Кунцевская,7 мин,2-комнатная квартира,55.79 м2,21 104 631 ₽,378 287 ₽ за м2,4.2,3/12,399,Без отделки,4 квартал 2027
Среда,Среда на Кутузовском,Кунцевская,7 мин,2-комнатная квартира,55.47 м2,21 109 774 ₽,380 562 ₽ за м2,4.2,3/12,398,Без отделки,4 квартал 2027
Среда,Среда на Лобачевского,Аминьевская,7 мин,2-комнатная квартира,54.7 м2,21 154 623 ₽,386 739 ₽ за м2,5.7,7/13,456,Предчистовая,4 квартал 2027
Среда,Среда на Лобачевского,Аминьевская,7 мин,2-комнатная квартира,53.6 м2,21 155 544 ₽,394 693 ₽ за м2,5.4,15/27,416,Предчистовая,2 квартал 2027
Среда,Среда на Лобачевского,Аминьевская,7 мин,2-комнатная квартира,53.3 м2,21 171 559 ₽,397 215 ₽ за м2,5.4,19/27,443,Предчистовая,2 квартал 2027
Среда,Среда на Кутузовском,Кунцевская,7 мин,2-комнатная квартира,55.79 м2,21 175 708 ₽,379 561 ₽ за м2,4.2,4/12,408,Без отделки,4 квартал 2027
Среда,Среда на Кутузовском,Кунцевская,7 мин,2-комнатная квартира,55.47 м2,21 190 538 ₽,382 018 ₽ за м2,4.2,4/12,407,Без отделки,4 квартал 2027
Среда,Среда на Лобачевского,Аминьевская,7 мин,2-комнатная квартира,55.5 м2,21 194 839 ₽,381 889 ₽ за м2,5.6,8/13,286,Предчистовая,4 квартал 2027
Среда,Среда на Кутузовском,Кунцевская,7 мин,1-комнатная квартира,47.45 м2,21 208 963 ₽,446 975 ₽ за м2,5,12/30,620,Предчистовая,4 квартал 2027
Среда,Среда на Лобачевского,Аминьевская,7 мин,2-комнатная квартира,55.5 м2,21 237 907 ₽,382 665 ₽ за м2,5.7,6/13,445,Предчистовая,4 квартал 2027
Среда,Среда на Лобачевского,Аминьевская,7 мин,2-комнатная квартира,55.1 м2,21 250 527 ₽,385 672 ₽ за м2,5.4,2/27,252,Предчистовая,2 квартал 2027
Среда,Среда на Кутузовском,Кунцевская,7 мин,2-комнатная квартира,55.47 м2,21 266 255 ₽,383 383 ₽ за м2,4.2,5/12,416,Без отделки,4 квартал 2027
Среда,Среда на Лобачевского,Аминьевская,7 мин,2-комнатная квартира,52.7 м2,21 296 175 ₽,404 102 ₽ за м2,5.8,6/13,521,Предчистовая,4 квартал 2027
Среда,Среда на Лобачевского,Аминьевская,7 мин,2-комнатная квартира,54.5 м2,21 304 595 ₽,390 910 ₽ за м2,5.5,20/27,178,Предчистовая,4 квартал 2027
Среда,Среда на Кутузовском,Кунцевская,7 мин,1-комнатная квартира,40.42 м2,21 311 445 ₽,527 250 ₽ за м2,5,27/30,797,Предчистовая,4 квартал 2027
Среда,Среда на Лобачевского,Аминьевская,7 мин,2-комнатная квартира,54.7 м2,21 356 247 ₽,390 425 ₽ за м2,5.7,9/13,470,Предчистовая,4 квартал 2027
Среда,Среда на Кутузовском,Кунцевская,7 мин,1-комнатная квартира,47.78 м2,21 401 856 ₽,447 925 ₽ за м2,5,23/30,744,Предчистовая,4 квартал 2027
Среда,Среда на Лобачевского,Аминьевская,7 мин,2-комнатная квартира,53.3 м2,21 419 724 ₽,401 871 ₽ за м2,5.4,23/27,475,Предчистовая,2 квартал 2027
Среда,Среда на Лобачевского,Аминьевская,7 мин,2-комнатная квартира,54.5 м2,21 420 898 ₽,393 044 ₽ за м2,5.5,23/27,202,Предчистовая,4 квартал 2027
Среда,Среда на Лобачевского,Аминьевская,7 мин,1-комнатная квартира,48.5 м2,21 424 293 ₽,441 738 ₽ за м2,5.3,11/13,236,Предчистовая,2 квартал 2027
Среда,Среда на Кутузовском,Кунцевская,7 мин,2-комнатная квартира,55.79 м2,21 465 090 ₽,384 748 ₽ за м2,4.2,8/12,442,Без отделки,4 квартал 2027
Среда,Среда на Лобачевского,Аминьевская,7 мин,2-комнатная квартира,54.3 м2,21 468 699 ₽,395 372 ₽ за м2,5.4,14/27,400,Предчистовая,2 квартал 2027
Среда,Среда на Кутузовском,Кунцевская,7 мин,2-комнатная квартира,55.47 м2,21 483 309 ₽,387 296 ₽ за м2,4.2,8/12,441,Без отделки,4 квартал 2027
Среда,Среда на Лобачевского,Аминьевская,7 мин,2-комнатная квартира,55.5 м2,21 496 315 ₽,387 321 ₽ за м2,5.6,11/13,310,Предчистовая,4 квартал 2027
Среда,Среда на Лобачевского,Аминьевская,7 мин,2-комнатная квартира,54.5 м2,21 500 195 ₽,394 499 ₽ за м2,5.5,25/27,218,Предчистовая,4 квартал 2027
Среда,Среда на Лобачевского,Аминьевская,7 мин,2-комнатная квартира,56.5 м2,21 510 962 ₽,380 725 ₽ за м2,5.7,3/13,424,Предчистовая,4 квартал 2027
Среда,Среда на Лобачевского,Аминьевская,7 мин,2-комнатная квартира,53.3 м2,21 517 956 ₽,403 714 ₽ за м2,5.4,26/27,495,Предчистовая,2 квартал 2027
Среда,Среда на Лобачевского,Аминьевская,7 мин,2-комнатная квартира,55.1 м2,21 533 796 ₽,390 813 ₽ за м2,5.4,6/27,300,Предчистовая,2 квартал 2027
Среда,Среда на Кутузовском,Кунцевская,7 мин,2-комнатная квартира,55.79 м2,21 617 397 ₽,387 478 ₽ за м2,4.2,10/12,458,Без отделки,4 квартал 2027
Среда,Среда на Кутузовском,Кунцевская,7 мин,2-комнатная квартира,55.47 м2,21 624 646 ₽,389 844 ₽ за м2,4.2,10/12,457,Без отделки,4 квартал 2027
Среда,Среда на Лобачевского,Аминьевская,7 мин,2-комнатная квартира,53.1 м2,21 627 789 ₽,407 303 ₽ за м2,5.8,9/13,535,Предчистовая,4 квартал 2027
Среда,Среда на Лобачевского,Аминьевская,7 мин,2-комнатная квартира,54.1 м2,21 631 019 ₽,399 834 ₽ за м2,5.4,8/27,327,Предчистовая,2 квартал 2027
Среда,Среда на Лобачевского,Аминьевская,7 мин,2-комнатная квартира,54.7 м2,21 653 377 ₽,395 857 ₽ за м2,5.7,12/13,491,Предчистовая,4 квартал 2027
Среда,Среда на Кутузовском,Кунцевская,7 мин,2-комнатная квартира,55.79 м2,21 678 320 ₽,388 570 ₽ за м2,4.2,11/12,466,Без отделки,4 квартал 2027
Среда,Среда на Кутузовском,Кунцевская,7 мин,2-комнатная квартира,55.47 м2,21 690 267 ₽,391 027 ₽ за м2,4.2,11/12,465,Без отделки,4 квартал 2027
Среда,Среда на Лобачевского,Аминьевская,7 мин,2-комнатная квартира,53.1 м2,21 725 652 ₽,409 146 ₽ за м2,5.8,12/13,550,Предчистовая,4 квартал 2027
Среда,Среда на Кутузовском,Кунцевская,7 мин,2-комнатная квартира,54.58 м2,21 741 124 ₽,398 335 ₽ за м2,4.1,2/44,4,Предчистовая,4 квартал 2027
Среда,Среда на Лобачевского,Аминьевская,7 мин,2-комнатная квартира,54 м2,21 742 938 ₽,402 647 ₽ за м2,5.8,6/13,520,Предчистовая,4 квартал 2027
Среда,Среда на Лобачевского,Аминьевская,7 мин,2-комнатная квартира,53.1 м2,21 756 556 ₽,409 728 ₽ за м2,5.8,8/13,531,Предчистовая,4 квартал 2027
Среда,Среда на Кутузовском,Кунцевская,7 мин,2-комнатная квартира,54.38 м2,21 780 277 ₽,400 520 ₽ за м2,4.1,2/44,5,Предчистовая,4 квартал 2027
Среда,Среда на Лобачевского,Аминьевская,7 мин,2-комнатная квартира,55.4 м2,21 796 132 ₽,393 432 ₽ за м2,5.4,8/27,325,Предчистовая,2 квартал 2027
Среда,Среда на Кутузовском,Кунцевская,7 мин,1-комнатная квартира,47.63 м2,21 809 777 ₽,457 900 ₽ за м2,5,17/30,683,Предчистовая,4 квартал 2027
Среда,Среда на Лобачевского,Аминьевская,7 мин,2-комнатная квартира,55.5 м2,21 835 476 ₽,393 432 ₽ за м2,5.7,12/13,487,Предчистовая,4 квартал 2027
Среда,Среда на Лобачевского,Аминьевская,7 мин,2-комнатная квартира,54 м2,21 863 412 ₽,404 878 ₽ за м2,5.4,12/27,379,Предчистовая,2 квартал 2027
Среда,Среда на Лобачевского,Аминьевская,7 мин,2-комнатная квартира,54.2 м2,21 891 813 ₽,403 908 ₽ за м2,5.4,15/27,413,Предчистовая,2 квартал 2027
Среда,Среда на Лобачевского,Аминьевская,7 мин,2-комнатная квартира,54.5 м2,21 954 834 ₽,402 841 ₽ за м2,5.5,12/27,112,Предчистовая,4 квартал 2027
Среда,Среда на Кутузовском,Кунцевская,7 мин,1-комнатная квартира,47.63 м2,22 017 920 ₽,462 270 ₽ за м2,5,21/30,731,Предчистовая,4 квартал 2027
Среда,Среда на Кутузовском,Кунцевская,7 мин,2-комнатная квартира,53.42 м2,22 080 889 ₽,413 345 ₽ за м2,4.1,9/44,84,Предчистовая,4 квартал 2027
Среда,Среда на Лобачевского,Аминьевская,7 мин,2-комнатная квартира,55 м2,22 081 565 ₽,401 483 ₽ за м2,5.4,19/27,446,Предчистовая,2 квартал 2027
Среда,Среда на Лобачевского,Аминьевская,7 мин,2-комнатная квартира,60.4 м2,22 093 534 ₽,365 787 ₽ за м2,5.4,2/27,259,Предчистовая,2 квартал 2027
Среда,Среда на Лобачевского,Аминьевская,7 мин,2-комнатная квартира,56.5 м2,22 124 778 ₽,391 589 ₽ за м2,5.7,9/13,466,Предчистовая,4 квартал 2027
Среда,Среда на Лобачевского,Аминьевская,7 мин,2-комнатная квартира,54.6 м2,22 138 116 ₽,405 460 ₽ за м2,5.5,17/27,153,Предчистовая,4 квартал 2027
Среда,Среда на Лобачевского,Аминьевская,7 мин,2-комнатная квартира,57.8 м2,22 157 283 ₽,383 344 ₽ за м2,5.5,15/27,134,Предчистовая,4 квартал 2027
Среда,Среда на Лобачевского,Аминьевская,7 мин,2-комнатная квартира,55 м2,22 161 590 ₽,402 938 ₽ за м2,5.4,16/27,421,Предчистовая,2 квартал 2027
Среда,Среда на Кутузовском,Кунцевская,7 мин,1-комнатная квартира,47.49 м2,22 174 268 ₽,466 925 ₽ за м2,5,25/30,779,Предчистовая,4 квартал 2027
Среда,Среда на Кутузовском,Кунцевская,7 мин,2-комнатная квартира,53.42 м2,22 217 912 ₽,415 910 ₽ за м2,4.1,11/44,104,Предчистовая,4 квартал 2027
Среда,Среда на Лобачевского,Аминьевская,7 мин,2-комнатная квартира,55 м2,22 236 280 ₽,404 296 ₽ за м2,5.4,22/27,470,Предчистовая,2 квартал 2027
Среда,Среда на Лобачевского,Аминьевская,7 мин,2-комнатная квартира,53.6 м2,22 262 974 ₽,415 354 ₽ за м2,5.4,10/27,359,Предчистовая,2 квартал 2027
Среда,Среда на Кутузовском,Кунцевская,7 мин,1-комнатная квартира,47.49 м2,22 264 499 ₽,468 825 ₽ за м2,5,27/30,803,Предчистовая,4 квартал 2027
Среда,Среда на Лобачевского,Аминьевская,7 мин,2-комнатная квартира,57.7 м2,22 275 662 ₽,386 060 ₽ за м2,5.5,19/27,166,Предчистовая,4 квартал 2027
Среда,Среда на Лобачевского,Аминьевская,7 мин,2-комнатная квартира,55 м2,22 284 295 ₽,405 169 ₽ за м2,5.4,23/27,478,Предчистовая,2 квартал 2027
Среда,Среда на Лобачевского,Аминьевская,7 мин,2-комнатная квартира,54.5 м2,22 287 884 ₽,408 952 ₽ за м2,5.5,22/27,193,Предчистовая,4 квартал 2027
Среда,Среда на Лобачевского,Аминьевская,7 мин,2-комнатная квартира,54.9 м2,22 323 657 ₽,406 624 ₽ за м2,5.4,24/27,485,Предчистовая,2 квартал 2027
Среда,Среда на Лобачевского,Аминьевская,7 мин,2-комнатная квартира,56.5 м2,22 327 557 ₽,395 178 ₽ за м2,5.7,11/13,480,Предчистовая,4 квартал 2027
Среда,Среда на Лобачевского,Аминьевская,7 мин,2-комнатная квартира,60.5 м2,22 347 248 ₽,369 376 ₽ за м2,5.4,9/27,344,Предчистовая,2 квартал 2027
Среда,Среда на Лобачевского,Аминьевская,7 мин,2-комнатная квартира,56.9 м2,22 364 203 ₽,393 044 ₽ за м2,5.5,16/27,149,Предчистовая,4 квартал 2027
Среда,Среда на Лобачевского,Аминьевская,7 мин,2-комнатная квартира,53.8 м2,22 377 356 ₽,415 936 ₽ за м2,5.4,11/27,367,Предчистовая,2 квартал 2027
Среда,Среда на Кутузовском,Кунцевская,7 мин,2-комнатная квартира,53.42 м2,22 405 683 ₽,419 425 ₽ за м2,4.1,14/44,134,Предчистовая,4 квартал 2027
Среда,Среда на Лобачевского,Аминьевская,7 мин,2-комнатная квартира,60.5 м2,22 417 670 ₽,370 540 ₽ за м2,5.4,10/27,357,Предчистовая,2 квартал 2027
Среда,Среда на Кутузовском,Кунцевская,7 мин,2-комнатная квартира,56.57 м2,22 426 327 ₽,396 435 ₽ за м2,4.1,2/44,9,Предчистовая,4 квартал 2027
Среда,Среда на Лобачевского,Аминьевская,7 мин,2-комнатная квартира,56.9 м2,22 441 473 ₽,394 402 ₽ за м2,5.5,18/27,165,Предчистовая,4 квартал 2027
Среда,Среда на Лобачевского,Аминьевская,7 мин,2-комнатная квартира,54.6 м2,22 445 295 ₽,411 086 ₽ за м2,5.5,25/27,217,Предчистовая,4 квартал 2027
Среда,Среда на Лобачевского,Аминьевская,7 мин,2-комнатная квартира,55 м2,22 460 350 ₽,408 370 ₽ за м2,5.4,26/27,497,Предчистовая,2 квартал 2027
Среда,Среда на Лобачевского,Аминьевская,7 мин,2-комнатная квартира,60.4 м2,22 468 498 ₽,371 995 ₽ за м2,5.4,7/27,319,Предчистовая,2 квартал 2027
Среда,Среда на Лобачевского,Аминьевская,7 мин,2-комнатная квартира,56.2 м2,22 497 927 ₽,400 319 ₽ за м2,5.6,2/13,241,Предчистовая,4 квартал 2027
Среда,Среда на Кутузовском,Кунцевская,7 мин,2-комнатная квартира,56.57 м2,22 501 566 ₽,397 765 ₽ за м2,4.1,3/44,22,Предчистовая,4 квартал 2027
Среда,Среда на Лобачевского,Аминьевская,7 мин,2-комнатная квартира,57.7 м2,22 516 328 ₽,390 231 ₽ за м2,5.5,25/27,214,Предчистовая,4 квартал 2027
Среда,Среда на Лобачевского,Аминьевская,7 мин,2-комнатная квартира,60.5 м2,22 529 171 ₽,372 383 ₽ за м2,5.4,12/27,383,Предчистовая,2 квартал 2027
Среда,Среда на Лобачевского,Аминьевская,7 мин,1-комнатная квартира,48.5 м2,22 543 964 ₽,464 824 ₽ за м2,5.2,9/13,139,Предчистовая,2 квартал 2027
Среда,Среда на Кутузовском,Кунцевская,7 мин,2-комнатная квартира,55.95 м2,22 575 489 ₽,403 494 ₽ за м2,4.1,27/44,259,Предчистовая,4 квартал 2027
Среда,Среда на Кутузовском,Кунцевская,7 мин,2-комнатная квартира,53.42 м2,22 598 529 ₽,423 035 ₽ за м2,4.1,17/44,164,Предчистовая,4 квартал 2027
Среда,Среда на Лобачевского,Аминьевская,7 мин,2-комнатная квартира,56.9 м2,22 601 533 ₽,397 215 ₽ за м2,5.5,22/27,197,Предчистовая,4 квартал 2027
Среда,Среда на Лобачевского,Аминьевская,7 мин,2-комнатная квартира,58 м2,22 639 024 ₽,390 328 ₽ за м2,5.8,3/13,508,Предчистовая,4 квартал 2027
Среда,Среда на Лобачевского,Аминьевская,7 мин,2-комнатная квартира,54.4 м2,22 669 132 ₽,416 712 ₽ за м2,5.4,18/27,439,Предчистовая,2 квартал 2027
Среда,Среда на Кутузовском,Кунцевская,7 мин,2-комнатная квартира,55.95 м2,22 677 318 ₽,405 314 ₽ за м2,4.1,29/44,275,Предчистовая,4 квартал 2027
Среда,Среда на Лобачевского,Аминьевская,7 мин,2-комнатная квартира,56.9 м2,22 678 803 ₽,398 573 ₽ за м2,5.5,24/27,213,Предчистовая,4 квартал 2027
Среда,Среда на Кутузовском,Кунцевская,7 мин,2-комнатная квартира,56.77 м2,22 688 982 ₽,399 665 ₽ за м2,4.1,4/44,33,Предчистовая,4 квартал 2027
Среда,Среда на Кутузовском,Кунцевская,7 мин,2-комнатная квартира,56.57 м2,22 705 783 ₽,401 375 ₽ за м2,4.1,5/44,44,Предчистовая,4 квартал 2027
Среда,Среда на Кутузовском,Кунцевская,7 мин,2-комнатная квартира,53.42 м2,22 730 477 ₽,425 505 ₽ за м2,4.1,19/44,184,Предчистовая,4 квартал 2027
Среда,Среда на Лобачевского,Аминьевская,7 мин,3-комнатная квартира,61.6 м2,22 747 586 ₽,369 279 ₽ за м2,5.5,3/27,16,Предчистовая,4 квартал 2027
Среда,Среда на Кутузовском,Кунцевская,7 мин,2-комнатная квартира,55.95 м2,22 774 055 ₽,407 043 ₽ за м2,4.1,31/44,291,Предчистовая,4 квартал 2027
Среда,Среда на Лобачевского,Аминьевская,7 мин,2-комнатная квартира,53.8 м2,22 794 844 ₽,423 696 ₽ за м2,5.4,26/27,498,Предчистовая,2 квартал 2027
Среда,Среда на Лобачевского,Аминьевская,7 мин,2-комнатная квартира,56.2 м2,22 797 754 ₽,405 654 ₽ за м2,5.6,5/13,265,Предчистовая,4 квартал 2027
Среда,Среда на Лобачевского,Аминьевская,7 мин,2-комнатная квартира,54.3 м2,22 806 543 ₽,420 010 ₽ за м2,5.4,21/27,463,Предчистовая,2 квартал 2027
Среда,Среда на Кутузовском,Кунцевская,7 мин,2-комнатная квартира,52.88 м2,22 837 285 ₽,431 870 ₽ за м2,4.1,24/44,233,Предчистовая,4 квартал 2027
Среда,Среда на Кутузовском,Кунцевская,7 мин,2-комнатная квартира,55.95 м2,22 896 250 ₽,409 227 ₽ за м2,4.1,34/44,315,Предчистовая,4 квартал 2027
Среда,Среда на Лобачевского,Аминьевская,7 мин,2-комнатная квартира,59.9 м2,22 904 202 ₽,382 374 ₽ за м2,5.7,6/13,446,Предчистовая,4 квартал 2027
Среда,Среда на Лобачевского,Аминьевская,7 мин,1-комнатная квартира,50.7 м2,22 946 921 ₽,452 602 ₽ за м2,5.2,2/13,90,Предчистовая,2 квартал 2027
Среда,Среда на Лобачевского,Аминьевская,7 мин,2-комнатная квартира,58 м2,22 976 584 ₽,396 148 ₽ за м2,5.8,3/13,507,Предчистовая,4 квартал 2027
Среда,Среда на Кутузовском,Кунцевская,7 мин,2-комнатная квартира,55.95 м2,22 982 805 ₽,410 774 ₽ за м2,4.1,36/44,331,Предчистовая,4 квартал 2027
Среда,Среда на Лобачевского,Аминьевская,7 мин,2-комнатная квартира,60.7 м2,23 009 913 ₽,379 076 ₽ за м2,5.4,2/4,510,Предчистовая,2 квартал 2027
Среда,Среда на Лобачевского,Аминьевская,7 мин,2-комнатная квартира,61.4 м2,23 042 990 ₽,375 293 ₽ за м2,5.4,2/27,258,Предчистовая,2 квартал 2027
Среда,Среда на Лобачевского,Аминьевская,7 мин,2-комнатная квартира,58 м2,23 049 722 ₽,397 409 ₽ за м2,5.4,21/27,466,Предчистовая,2 квартал 2027
Среда,Среда на Лобачевского,Аминьевская,7 мин,2-комнатная квартира,53.8 м2,23 050 556 ₽,428 449 ₽ за м2,5.4,8/27,328,Предчистовая,2 квартал 2027
Среда,Среда на Лобачевского,Аминьевская,7 мин,2-комнатная квартира,58 м2,23 055 348 ₽,397 506 ₽ за м2,5.8,7/13,528,Предчистовая,4 квартал 2027
Среда,Среда на Кутузовском,Кунцевская,7 мин,2-комнатная квартира,55.95 м2,23 069 359 ₽,412 321 ₽ за м2,4.1,38/44,347,Предчистовая,4 квартал 2027
Среда,Среда на Кутузовском,Кунцевская,7 мин,2-комнатная квартира,55.95 м2,23 105 000 ₽,412 958 ₽ за м2,4.1,39/44,355,Предчистовая,4 квартал 2027
Среда,Среда на Лобачевского,Аминьевская,7 мин,2-комнатная квартира,60.9 м2,23 180 245 ₽,380 628 ₽ за м2,5.7,3/13,425,Предчистовая,4 квартал 2027
Среда,Среда на Кутузовском,Кунцевская,7 мин,2-комнатная квартира,55.96 м2,23 195 699 ₽,414 505 ₽ за м2,4.1,41/44,369,Предчистовая,4 квартал 2027
Среда,Среда на Лобачевского,Аминьевская,7 мин,2-комнатная квартира,56.2 м2,23 212 061 ₽,413 026 ₽ за м2,5.6,9/13,297,Предчистовая,4 квартал 2027
Среда,Среда на Лобачевского,Аминьевская,7 мин,2-комнатная квартира,58.1 м2,23 247 262 ₽,400 125 ₽ за м2,5.4,24/27,488,Предчистовая,2 квартал 2027
Среда,Среда на Кутузовском,Кунцевская,7 мин,2-комнатная квартира,56.57 м2,23 275 443 ₽,411 445 ₽ за м2,4.1,7/44,66,Предчистовая,4 квартал 2027
Среда,Среда на Кутузовском,Кунцевская,7 мин,2-комнатная квартира,56.31 м2,23 286 155 ₽,413 535 ₽ за м2,5,13/30,623,Предчистовая,4 квартал 2027
Среда,Среда на Лобачевского,Аминьевская,7 мин,2-комнатная квартира,60.5 м2,23 321 419 ₽,385 478 ₽ за м2,5.4,16/27,424,Предчистовая,2 квартал 2027
Среда,Среда на Лобачевского,Аминьевская,7 мин,2-комнатная квартира,59.9 м2,23 334 164 ₽,389 552 ₽ за м2,5.7,10/13,474,Предчистовая,4 квартал 2027
Среда,Среда на Лобачевского,Аминьевская,7 мин,2-комнатная квартира,61.6 м2,23 363 032 ₽,379 270 ₽ за м2,5.4,3/27,268,Предчистовая,2 квартал 2027
Среда,Среда на Лобачевского,Аминьевская,7 мин,2-комнатная квартира,58 м2,23 364 778 ₽,402 841 ₽ за м2,5.8,10/13,543,Предчистовая,4 квартал 2027
Среда,Среда на Кутузовском,Кунцевская,7 мин,2-комнатная квартира,57.87 м2,23 381 505 ₽,404 035 ₽ за м2,4.1,2/44,8,Предчистовая,4 квартал 2027
Среда,Среда на Кутузовском,Кунцевская,7 мин,2-комнатная квартира,57.87 м2,23 458 472 ₽,405 365 ₽ за м2,4.1,3/44,21,Предчистовая,4 квартал 2027
Среда,Среда на Кутузовском,Кунцевская,7 мин,2-комнатная квартира,57.87 м2,23 458 472 ₽,405 365 ₽ за м2,4.1,6/44,54,Предчистовая,4 квартал 2027
Среда,Среда на Лобачевского,Аминьевская,7 мин,2-комнатная квартира,58 м2,23 494 176 ₽,405 072 ₽ за м2,5.8,8/13,532,Предчистовая,4 квартал 2027
Среда,Среда на Кутузовском,Кунцевская,7 мин,2-комнатная квартира,58.24 м2,23 536 531 ₽,404 130 ₽ за м2,4.2,2/12,395,Без отделки,4 квартал 2027
Среда,Среда на Кутузовском,Кунцевская,7 мин,2-комнатная квартира,56.3 м2,23 538 748 ₽,418 095 ₽ за м2,5,17/30,674,Предчистовая,4 квартал 2027
Среда,Среда на Лобачевского,Аминьевская,7 мин,2-комнатная квартира,59.9 м2,23 543 335 ₽,393 044 ₽ за м2,5.7,12/13,488,Предчистовая,4 квартал 2027
Среда,Среда на Лобачевского,Аминьевская,7 мин,2-комнатная квартира,58 м2,23 567 314 ₽,406 333 ₽ за м2,5.8,12/13,553,Предчистовая,4 квартал 2027
Среда,Среда на Кутузовском,Кунцевская,7 мин,2-комнатная квартира,56.3 м2,23 618 976 ₽,419 520 ₽ за м2,5,20/30,710,Предчистовая,4 квартал 2027
Среда,Среда на Кутузовском,Кунцевская,7 мин,2-комнатная квартира,58.24 м2,23 702 515 ₽,406 980 ₽ за м2,4.2,4/12,413,Без отделки,4 квартал 2027
Среда,Среда на Кутузовском,Кунцевская,7 мин,2-комнатная квартира,58.24 м2,23 779 974 ₽,408 310 ₽ за м2,4.2,5/12,422,Без отделки,4 квартал 2027
Среда,Среда на Лобачевского,Аминьевская,7 мин,2-комнатная квартира,61.3 м2,23 790 346 ₽,388 097 ₽ за м2,5.4,16/27,423,Предчистовая,2 квартал 2027
Среда,Среда на Лобачевского,Аминьевская,7 мин,2-комнатная квартира,60.9 м2,23 830 048 ₽,391 298 ₽ за м2,5.7,9/13,467,Предчистовая,4 квартал 2027
Среда,Среда на Лобачевского,Аминьевская,7 мин,2-комнатная квартира,57.4 м2,23 902 565 ₽,416 421 ₽ за м2,5.3,10/13,226,Предчистовая,2 квартал 2027
Среда,Среда на Лобачевского,Аминьевская,7 мин,2-комнатная квартира,58 м2,23 904 874 ₽,412 153 ₽ за м2,5.8,12/13,552,Предчистовая,4 квартал 2027
Среда,Среда на Лобачевского,Аминьевская,7 мин,2-комнатная квартира,60.7 м2,23 969 640 ₽,394 887 ₽ за м2,5.4,4/4,530,Предчистовая,2 квартал 2027
Среда,Среда на Лобачевского,Аминьевская,7 мин,2-комнатная квартира,61.5 м2,23 981 310 ₽,389 940 ₽ за м2,5.4,8/27,330,Предчистовая,2 квартал 2027
Среда,Среда на Кутузовском,Кунцевская,7 мин,2-комнатная квартира,55.84 м2,23 983 000 ₽,429 495 ₽ за м2,4.1,27/44,258,Предчистовая,4 квартал 2027
Среда,Среда на Лобачевского,Аминьевская,7 мин,2-комнатная квартира,57.4 м2,24 019 489 ₽,418 458 ₽ за м2,5.3,12/13,240,Предчистовая,2 квартал 2027
Среда,Среда на Лобачевского,Аминьевская,7 мин,2-комнатная квартира,59.8 м2,24 026 085 ₽,401 774 ₽ за м2,5.7,6/13,364,Предчистовая,4 квартал 2027
Среда,Среда на Кутузовском,Кунцевская,7 мин,2-комнатная квартира,55.84 м2,24 094 401 ₽,431 490 ₽ за м2,4.1,29/44,274,Предчистовая,4 квартал 2027
Среда,Среда на Кутузовском,Кунцевская,7 мин,2-комнатная квартира,55.65 м2,24 139 300 ₽,433 770 ₽ за м2,4.2,2/12,393,Без отделки,4 квартал 2027
Среда,Среда на Кутузовском,Кунцевская,7 мин,2-комнатная квартира,55.65 м2,24 218 601 ₽,435 195 ₽ за м2,4.2,3/12,402,Без отделки,4 квартал 2027
Среда,Среда на Кутузовском,Кунцевская,7 мин,2-комнатная квартира,55.84 м2,24 232 326 ₽,433 960 ₽ за м2,4.1,32/44,298,Предчистовая,4 квартал 2027
Среда,Среда на Лобачевского,Аминьевская,7 мин,2-комнатная квартира,59.8 м2,24 246 508 ₽,405 460 ₽ за м2,5.7,8/13,378,Предчистовая,4 квартал 2027
Среда,Среда на Лобачевского,Аминьевская,7 мин,2-комнатная квартира,60.8 м2,24 327 600 ₽,400 125 ₽ за м2,5.7,3/13,343,Предчистовая,4 квартал 2027
Среда,Среда на Кутузовском,Кунцевская,7 мин,2-комнатная квартира,56.86 м2,24 394 077 ₽,429 020 ₽ за м2,5,27/30,794,Предчистовая,4 квартал 2027
Среда,Среда на Кутузовском,Кунцевская,7 мин,2-комнатная квартира,55.84 м2,24 497 566 ₽,438 710 ₽ за м2,4.1,38/44,346,Предчистовая,4 квартал 2027
Среда,Среда на Кутузовском,Кунцевская,7 мин,2-комнатная квартира,61.05 м2,24 522 197 ₽,401 674 ₽ за м2,4.1,14/44,135,Предчистовая,4 квартал 2027
Среда,Среда на Лобачевского,Аминьевская,7 мин,2-комнатная квартира,65.2 м2,24 538 672 ₽,376 360 ₽ за м2,5.7,3/13,429,Предчистовая,4 квартал 2027
Среда,Среда на Кутузовском,Кунцевская,7 мин,2-комнатная квартира,55.84 м2,24 540 004 ₽,439 470 ₽ за м2,4.1,39/44,354,Предчистовая,4 квартал 2027
Среда,Среда на Лобачевского,Аминьевская,7 мин,2-комнатная квартира,59.8 м2,24 664 151 ₽,412 444 ₽ за м2,5.7,12/13,406,Предчистовая,4 квартал 2027
Среда,Среда на Кутузовском,Кунцевская,7 мин,2-комнатная квартира,61.05 м2,24 666 642 ₽,404 040 ₽ за м2,4.1,16/44,155,Предчистовая,4 квартал 2027
Среда,Среда на Лобачевского,Аминьевская,7 мин,2-комнатная квартира,57.4 м2,24 687 625 ₽,430 098 ₽ за м2,5.1,5/13,25,Предчистовая,2 квартал 2027
Среда,Среда на Кутузовском,Кунцевская,7 мин,2-комнатная квартира,61.05 м2,24 733 308 ₽,405 132 ₽ за м2,4.1,17/44,165,Предчистовая,4 квартал 2027
Среда,Среда на Кутузовском,Кунцевская,7 мин,2-комнатная квартира,60.75 м2,24 741 348 ₽,407 265 ₽ за м2,4.1,6/44,51,Предчистовая,4 квартал 2027
Среда,Среда на Кутузовском,Кунцевская,7 мин,2-комнатная квартира,61.33 м2,24 824 421 ₽,404 768 ₽ за м2,4.1,27/44,260,Предчистовая,4 квартал 2027
Среда,Среда на Кутузовском,Кунцевская,7 мин,2-комнатная квартира,61.05 м2,24 872 197 ₽,407 407 ₽ за м2,4.1,19/44,185,Предчистовая,4 квартал 2027
Среда,Среда на Лобачевского,Аминьевская,7 мин,2-комнатная квартира,65.2 м2,24 886 514 ₽,381 695 ₽ за м2,5.7,6/13,450,Предчистовая,4 квартал 2027
Среда,Среда на Кутузовском,Кунцевская,7 мин,2-комнатная квартира,61.33 м2,24 936 042 ₽,406 588 ₽ за м2,4.1,29/44,276,Предчистовая,4 квартал 2027
Среда,Среда на Кутузовском,Кунцевская,7 мин,2-комнатная квартира,63.54 м2,25 013 537 ₽,393 666 ₽ за м2,4.1,14/44,133,Предчистовая,4 квартал 2027
Среда,Среда на Кутузовском,Кунцевская,7 мин,2-комнатная квартира,61.33 м2,25 042 081 ₽,408 317 ₽ за м2,4.1,31/44,292,Предчистовая,4 квартал 2027
Среда,Среда на Кутузовском,Кунцевская,7 мин,2-комнатная квартира,61.05 м2,25 061 086 ₽,410 501 ₽ за м2,4.1,22/44,215,Предчистовая,4 квартал 2027
Среда,Среда на Кутузовском,Кунцевская,7 мин,2-комнатная квартира,60.75 м2,25 139 565 ₽,413 820 ₽ за м2,4.1,11/44,102,Предчистовая,4 квартал 2027
Среда,Среда на Лобачевского,Аминьевская,7 мин,2-комнатная квартира,57.4 м2,25 155 320 ₽,438 246 ₽ за м2,5.1,11/13,67,Предчистовая,2 квартал 2027
Среда,Среда на Кутузовском,Кунцевская,7 мин,2-комнатная квартира,61.33 м2,25 181 607 ₽,410 592 ₽ за м2,4.1,34/44,316,Предчистовая,4 квартал 2027
Среда,Среда на Лобачевского,Аминьевская,7 мин,2-комнатная квартира,60.8 м2,25 182 752 ₽,414 190 ₽ за м2,5.7,11/13,399,Предчистовая,4 квартал 2027
Среда,Среда на Кутузовском,Кунцевская,7 мин,2-комнатная квартира,61.05 м2,25 183 308 ₽,412 503 ₽ за м2,4.1,24/44,234,Предчистовая,4 квартал 2027
Среда,Среда на Лобачевского,Аминьевская,7 мин,2-комнатная квартира,57.4 м2,25 194 295 ₽,438 925 ₽ за м2,5.2,3/13,94,Предчистовая,2 квартал 2027
Среда,Среда на Кутузовском,Кунцевская,7 мин,2-комнатная квартира,61.05 м2,25 217 313 ₽,413 060 ₽ за м2,4.1,9/44,85,Предчистовая,4 квартал 2027
Среда,Среда на Лобачевского,Аминьевская,7 мин,2-комнатная квартира,58.5 м2,25 217 478 ₽,431 068 ₽ за м2,5.1,8/13,46,Предчистовая,2 квартал 2027
Среда,Среда на Кутузовском,Кунцевская,7 мин,2-комнатная квартира,63.54 м2,25 227 476 ₽,397 033 ₽ за м2,4.1,17/44,163,Предчистовая,4 квартал 2027
Среда,Среда на Лобачевского,Аминьевская,7 мин,2-комнатная квартира,65.2 м2,25 228 031 ₽,386 933 ₽ за м2,5.7,9/13,471,Предчистовая,4 квартал 2027
Среда,Среда на Кутузовском,Кунцевская,7 мин,2-комнатная квартира,61.33 м2,25 276 484 ₽,412 139 ₽ за м2,4.1,36/44,332,Предчистовая,4 квартал 2027
Среда,Среда на Кутузовском,Кунцевская,7 мин,2-комнатная квартира,60.75 м2,25 353 101 ₽,417 335 ₽ за м2,4.1,14/44,132,Предчистовая,4 квартал 2027
Среда,Среда на Кутузовском,Кунцевская,7 мин,2-комнатная квартира,61.33 м2,25 365 781 ₽,413 595 ₽ за м2,4.1,38/44,348,Предчистовая,4 квартал 2027
Среда,Среда на Кутузовском,Кунцевская,7 мин,2-комнатная квартира,63.54 м2,25 372 030 ₽,399 308 ₽ за м2,4.1,19/44,183,Предчистовая,4 квартал 2027
Среда,Среда на Лобачевского,Аминьевская,7 мин,2-комнатная квартира,58.5 м2,25 382 038 ₽,433 881 ₽ за м2,5.1,10/13,60,Предчистовая,2 квартал 2027
Среда,Среда на Кутузовском,Кунцевская,7 мин,2-комнатная квартира,61.33 м2,25 416 010 ₽,414 414 ₽ за м2,4.1,39/44,356,Предчистовая,4 квартал 2027
Среда,Среда на Кутузовском,Кунцевская,7 мин,2-комнатная квартира,60.76 м2,25 443 857 ₽,418 760 ₽ за м2,4.1,24/44,235,Предчистовая,4 квартал 2027
Среда,Среда на Кутузовском,Кунцевская,7 мин,2-комнатная квартира,61.35 м2,25 513 624 ₽,415 870 ₽ за м2,4.1,41/44,370,Предчистовая,4 квартал 2027
Среда,Среда на Кутузовском,Кунцевская,7 мин,2-комнатная квартира,63.54 м2,25 562 840 ₽,402 311 ₽ за м2,4.1,22/44,213,Предчистовая,4 квартал 2027
Среда,Среда на Лобачевского,Аминьевская,7 мин,2-комнатная квартира,65.2 м2,25 569 549 ₽,392 171 ₽ за м2,5.7,12/13,492,Предчистовая,4 квартал 2027
Среда,Среда на Кутузовском,Кунцевская,7 мин,2-комнатная квартира,60.75 м2,25 572 408 ₽,420 945 ₽ за м2,4.1,17/44,162,Предчистовая,4 квартал 2027
Среда,Среда на Кутузовском,Кунцевская,7 мин,2-комнатная квартира,63.61 м2,25 700 984 ₽,404 040 ₽ за м2,4.1,24/44,232,Предчистовая,4 квартал 2027
Среда,Среда на Кутузовском,Кунцевская,7 мин,2-комнатная квартира,60.75 м2,25 716 690 ₽,423 320 ₽ за м2,4.1,19/44,182,Предчистовая,4 квартал 2027
Среда,Среда на Кутузовском,Кунцевская,7 мин,2-комнатная квартира,64.27 м2,25 796 371 ₽,401 375 ₽ за м2,4.2,2/12,391,Без отделки,4 квартал 2027
Среда,Среда на Кутузовском,Кунцевская,7 мин,2-комнатная квартира,60.75 м2,25 901 370 ₽,426 360 ₽ за м2,4.1,22/44,212,Предчистовая,4 квартал 2027
Среда,Среда на Лобачевского,Аминьевская,7 мин,2-комнатная квартира,57.4 м2,25 918 109 ₽,451 535 ₽ за м2,5.2,11/13,150,Предчистовая,2 квартал 2027
Среда,Среда на Кутузовском,Кунцевская,7 мин,2-комнатная квартира,63.54 м2,25 962 126 ₽,408 595 ₽ за м2,4.1,12/44,113,Предчистовая,4 квартал 2027
Среда,Среда на Кутузовском,Кунцевская,7 мин,2-комнатная квартира,60.75 м2,26 022 566 ₽,428 355 ₽ за м2,4.1,24/44,231,Предчистовая,4 квартал 2027
Среда,Среда на Кутузовском,Кунцевская,7 мин,2-комнатная квартира,64.99 м2,26 437 282 ₽,406 790 ₽ за м2,4.1,2/44,6,Предчистовая,4 квартал 2027
Среда,Среда на Кутузовском,Кунцевская,7 мин,2-комнатная квартира,64.99 м2,26 529 892 ₽,408 215 ₽ за м2,4.1,3/44,19,Предчистовая,4 квартал 2027
Среда,Среда на Лобачевского,Аминьевская,7 мин,3-комнатная квартира,70.4 м2,26 816 697 ₽,380 919 ₽ за м2,5.6,2/13,243,Предчистовая,4 квартал 2027
Среда,Среда на Лобачевского,Аминьевская,7 мин,3-комнатная квартира,70.4 м2,26 946 444 ₽,382 762 ₽ за м2,5.6,3/13,251,Предчистовая,4 квартал 2027
Среда,Среда на Кутузовском,Кунцевская,7 мин,2-комнатная квартира,61.32 м2,27 000 729 ₽,440 325 ₽ за м2,4.1,27/44,257,Предчистовая,4 квартал 2027
Среда,Среда на Кутузовском,Кунцевская,7 мин,2-комнатная квартира,61.32 м2,27 117 237 ₽,442 225 ₽ за м2,4.1,29/44,273,Предчистовая,4 квартал 2027
Среда,Среда на Лобачевского,Аминьевская,7 мин,3-комнатная квартира,70.4 м2,27 205 939 ₽,386 448 ₽ за м2,5.6,5/13,267,Предчистовая,4 квартал 2027
Среда,Среда на Кутузовском,Кунцевская,7 мин,2-комнатная квартира,61.32 м2,27 227 919 ₽,444 030 ₽ за м2,4.1,31/44,289,Предчистовая,4 квартал 2027
Среда,Среда на Кутузовском,Кунцевская,7 мин,2-комнатная квартира,61.32 м2,27 373 554 ₽,446 405 ₽ за м2,4.1,34/44,313,Предчистовая,4 квартал 2027
Среда,Среда на Лобачевского,Аминьевская,7 мин,3-комнатная квартира,71.3 м2,27 470 749 ₽,385 284 ₽ за м2,5.1,8/13,44,Предчистовая,2 квартал 2027
Среда,Среда на Кутузовском,Кунцевская,7 мин,2-комнатная квартира,61.32 м2,27 472 586 ₽,448 020 ₽ за м2,4.1,36/44,329,Предчистовая,4 квартал 2027
Среда,Среда на Лобачевского,Аминьевская,7 мин,3-комнатная квартира,71.3 м2,27 477 665 ₽,385 381 ₽ за м2,5.3,3/13,175,Предчистовая,2 квартал 2027
Среда,Среда на Кутузовском,Кунцевская,7 мин,2-комнатная квартира,61.32 м2,27 565 792 ₽,449 540 ₽ за м2,4.1,38/44,345,Предчистовая,4 квартал 2027
Среда,Среда на Лобачевского,Аминьевская,7 мин,3-комнатная квартира,70.4 м2,27 588 352 ₽,391 880 ₽ за м2,5.6,8/13,291,Предчистовая,4 квартал 2027
Среда,Среда на Лобачевского,Аминьевская,7 мин,3-комнатная квартира,71.3 м2,27 622 903 ₽,387 418 ₽ за м2,5.2,5/13,106,Предчистовая,2 квартал 2027
Среда,Среда на Лобачевского,Аминьевская,7 мин,3-комнатная квартира,78 м2,27 683 994 ₽,354 923 ₽ за м2,5.5,3/27,14,Предчистовая,4 квартал 2027
Среда,Среда на Лобачевского,Аминьевская,7 мин,3-комнатная квартира,71.3 м2,27 809 638 ₽,390 037 ₽ за м2,5.1,12/13,72,Предчистовая,2 квартал 2027
Среда,Среда на Лобачевского,Аминьевская,7 мин,3-комнатная квартира,71.3 м2,27 830 386 ₽,390 328 ₽ за м2,5.3,7/13,203,Предчистовая,2 квартал 2027
Среда,Среда на Кутузовском,Кунцевская,7 мин,2-комнатная квартира,61.32 м2,27 874 539 ₽,454 575 ₽ за м2,4.1,39/44,353,Предчистовая,4 квартал 2027
Среда,Среда на Лобачевского,Аминьевская,7 мин,3-комнатная квартира,70.4 м2,27 970 764 ₽,397 312 ₽ за м2,5.6,11/13,315,Предчистовая,4 квартал 2027
Среда,Среда на Лобачевского,Аминьевская,7 мин,3-комнатная квартира,71.3 м2,28 148 527 ₽,394 790 ₽ за м2,5.2,11/13,148,Предчистовая,2 квартал 2027
Среда,Среда на Лобачевского,Аминьевская,7 мин,3-комнатная квартира,71.3 м2,28 266 100 ₽,396 439 ₽ за м2,5.3,12/13,238,Предчистовая,2 квартал 2027
Среда,Среда на Лобачевского,Аминьевская,7 мин,2-комнатная квартира,80.1 м2,28 437 102 ₽,355 020 ₽ за м2,5.5,2/27,2,Предчистовая,4 квартал 2027
Среда,Среда на Кутузовском,Кунцевская,7 мин,2-комнатная квартира,61.32 м2,28 561 936 ₽,465 785 ₽ за м2,4.1,41/44,367,Предчистовая,4 квартал 2027
Среда,Среда на Лобачевского,Аминьевская,7 мин,2-комнатная квартира,80.3 м2,28 780 724 ₽,358 415 ₽ за м2,5.5,7/27,57,Предчистовая,4 квартал 2027
Среда,Среда на Лобачевского,Аминьевская,7 мин,2-комнатная квартира,80.3 м2,28 952 084 ₽,360 549 ₽ за м2,5.5,10/27,89,Предчистовая,4 квартал 2027
Среда,Среда на Кутузовском,Кунцевская,7 мин,2-комнатная квартира,73.1 м2,29 284 956 ₽,400 615 ₽ за м2,4.1,41/44,366,Предчистовая,4 квартал 2027
Среда,Среда на Лобачевского,Аминьевская,7 мин,3-комнатная квартира,74.9 м2,29 409 934 ₽,392 656 ₽ за м2,5.4,25/27,490,Предчистовая,2 квартал 2027
Среда,Среда на Лобачевского,Аминьевская,7 мин,3-комнатная квартира,74.9 м2,29 540 709 ₽,394 402 ₽ за м2,5.4,26/27,496,Предчистовая,2 квартал 2027
Среда,Среда на Лобачевского,Аминьевская,7 мин,2-комнатная квартира,75 м2,29 725 650 ₽,396 342 ₽ за м2,5.3,10/13,223,Предчистовая,2 квартал 2027
Среда,Среда на Лобачевского,Аминьевская,7 мин,3-комнатная квартира,83.1 м2,29 808 468 ₽,358 706 ₽ за м2,5.7,3/13,339,Предчистовая,4 квартал 2027
Среда,Среда на Лобачевского,Аминьевская,7 мин,3-комнатная квартира,76.7 м2,29 938 157 ₽,390 328 ₽ за м2,5.4,16/27,417,Предчистовая,2 квартал 2027
Среда,Среда на Кутузовском,Кунцевская,7 мин,3-комнатная квартира,83.71 м2,30 195 452 ₽,360 715 ₽ за м2,4.1,2/44,1,Предчистовая,4 квартал 2027
Среда,Среда на Лобачевского,Аминьевская,7 мин,3-комнатная квартира,83.1 м2,30 251 807 ₽,364 041 ₽ за м2,5.7,6/13,360,Предчистовая,4 квартал 2027
Среда,Среда на Кутузовском,Кунцевская,7 мин,2-комнатная квартира,73.2 м2,30 326 394 ₽,414 295 ₽ за м2,5,2/30,482,Предчистовая,4 квартал 2027
Среда,Среда на Лобачевского,Аминьевская,7 мин,2-комнатная квартира,75 м2,30 547 725 ₽,407 303 ₽ за м2,5.1,10/13,57,Предчистовая,2 квартал 2027
Среда,Среда на Лобачевского,Аминьевская,7 мин,3-комнатная квартира,79.6 м2,30 599 115 ₽,384 411 ₽ за м2,5.7,6/13,366,Предчистовая,4 квартал 2027
Среда,Среда на Лобачевского,Аминьевская,7 мин,3-комнатная квартира,83.1 м2,30 679 024 ₽,369 182 ₽ за м2,5.7,9/13,381,Предчистовая,4 квартал 2027
Среда,Среда на Лобачевского,Аминьевская,7 мин,2-комнатная квартира,75 м2,30 700 500 ₽,409 340 ₽ за м2,5.1,12/13,71,Предчистовая,2 квартал 2027
Среда,Среда на Кутузовском,Кунцевская,7 мин,3-комнатная квартира,78.22 м2,30 741 633 ₽,393 015 ₽ за м2,5,2/30,483,Предчистовая,4 квартал 2027
Среда,Среда на Лобачевского,Аминьевская,7 мин,2-комнатная квартира,78.3 м2,30 760 155 ₽,392 850 ₽ за м2,5.2,2/13,84,Предчистовая,2 квартал 2027
Среда,Среда на Кутузовском,Кунцевская,7 мин,3-комнатная квартира,83.71 м2,30 982 745 ₽,370 120 ₽ за м2,4.1,9/44,80,Предчистовая,4 квартал 2027
Среда,Среда на Лобачевского,Аминьевская,7 мин,3-комнатная квартира,80.6 м2,30 999 163 ₽,384 605 ₽ за м2,5.7,3/13,345,Предчистовая,4 квартал 2027
Среда,Среда на Лобачевского,Аминьевская,7 мин,3-комнатная квартира,83.1 м2,31 106 241 ₽,374 323 ₽ за м2,5.7,12/13,402,Предчистовая,4 квартал 2027
Среда,Среда на Кутузовском,Кунцевская,7 мин,3-комнатная квартира,72.3 м2,31 203 595 ₽,431 585 ₽ за м2,5,9/30,572,Предчистовая,4 квартал 2027
Среда,Среда на Кутузовском,Кунцевская,7 мин,3-комнатная квартира,83.71 м2,31 261 080 ₽,373 445 ₽ за м2,4.1,12/44,110,Предчистовая,4 квартал 2027
Среда,Среда на Кутузовском,Кунцевская,7 мин,3-комнатная квартира,85.61 м2,31 271 192 ₽,365 275 ₽ за м2,4.2,8/12,440,Без отделки,4 квартал 2027
Среда,Среда на Кутузовском,Кунцевская,7 мин,3-комнатная квартира,72.3 м2,31 382 176 ₽,434 055 ₽ за м2,5,11/30,598,Предчистовая,4 квартал 2027
Среда,Среда на Лобачевского,Аминьевская,7 мин,3-комнатная квартира,79.6 м2,31 425 284 ₽,394 790 ₽ за м2,5.7,12/13,408,Предчистовая,4 квартал 2027
Среда,Среда на Кутузовском,Кунцевская,7 мин,3-комнатная квартира,85.61 м2,31 563 978 ₽,368 695 ₽ за м2,4.2,11/12,464,Без отделки,4 квартал 2027
Среда,Среда на Кутузовском,Кунцевская,7 мин,3-комнатная квартира,83.71 м2,31 730 275 ₽,379 050 ₽ за м2,4.1,14/44,130,Предчистовая,4 квартал 2027
Среда,Среда на Лобачевского,Аминьевская,7 мин,3-комнатная квартира,80.6 м2,31 866 983 ₽,395 372 ₽ за м2,5.7,9/13,387,Предчистовая,4 квартал 2027
Среда,Среда на Кутузовском,Кунцевская,7 мин,3-комнатная квартира,72.48 м2,31 887 213 ₽,439 945 ₽ за м2,5,16/30,663,Предчистовая,4 квартал 2027
Среда,Среда на Кутузовском,Кунцевская,7 мин,3-комнатная квартира,83.71 м2,31 913 181 ₽,381 235 ₽ за м2,4.1,16/44,150,Предчистовая,4 квартал 2027
Среда,Среда на Кутузовском,Кунцевская,7 мин,3-комнатная квартира,83.71 м2,32 263 089 ₽,385 415 ₽ за м2,4.1,20/44,190,Предчистовая,4 квартал 2027
Среда,Среда на Кутузовском,Кунцевская,7 мин,3-комнатная квартира,72.48 м2,32 321 006 ₽,445 930 ₽ за м2,5,22/30,735,Предчистовая,4 квартал 2027
Среда,Среда на Кутузовском,Кунцевская,7 мин,3-комнатная квартира,72.41 м2,32 434 249 ₽,447 925 ₽ за м2,5,24/30,759,Предчистовая,4 квартал 2027
Среда,Среда на Кутузовском,Кунцевская,7 мин,3-комнатная квартира,75.21 м2,32 566 682 ₽,433 010 ₽ за м2,5,16/30,664,Предчистовая,4 квартал 2027
Среда,Среда на Кутузовском,Кунцевская,7 мин,3-комнатная квартира,72.41 м2,32 929 533 ₽,454 765 ₽ за м2,5,27/30,795,Предчистовая,4 квартал 2027
Среда,Среда на Кутузовском,Кунцевская,7 мин,3-комнатная квартира,83.17 м2,33 042 609 ₽,397 290 ₽ за м2,4.1,24/44,229,Предчистовая,4 квартал 2027
Среда,Среда на Кутузовском,Кунцевская,7 мин,3-комнатная квартира,75.21 м2,33 109 698 ₽,440 230 ₽ за м2,5,19/30,700,Предчистовая,4 квартал 2027
Среда,Среда на Кутузовском,Кунцевская,7 мин,3-комнатная квартира,83.17 м2,33 192 731 ₽,399 095 ₽ за м2,4.1,26/44,247,Предчистовая,4 квартал 2027
Среда,Среда на Кутузовском,Кунцевская,7 мин,3-комнатная квартира,83.17 м2,33 279 643 ₽,400 140 ₽ за м2,4.1,27/44,255,Предчистовая,4 квартал 2027
Среда,Среда на Кутузовском,Кунцевская,7 мин,3-комнатная квартира,83.17 м2,33 421 864 ₽,401 850 ₽ за м2,4.1,29/44,271,Предчистовая,4 квартал 2027
Среда,Среда на Лобачевского,Аминьевская,7 мин,3-комнатная квартира,87 м2,33 469 074 ₽,384 702 ₽ за м2,5.3,2/13,167,Предчистовая,2 квартал 2027
Среда,Среда на Кутузовском,Кунцевская,7 мин,3-комнатная квартира,83.17 м2,33 556 184 ₽,403 465 ₽ за м2,4.1,31/44,287,Предчистовая,4 квартал 2027
Среда,Среда на Кутузовском,Кунцевская,7 мин,3-комнатная квартира,90.51 м2,33 688 727 ₽,372 210 ₽ за м2,4.2,2/12,388,Без отделки,4 квартал 2027
Среда,Среда на Кутузовском,Кунцевская,7 мин,3-комнатная квартира,83.17 м2,33 737 910 ₽,405 650 ₽ за м2,4.1,34/44,311,Предчистовая,4 квартал 2027
Среда,Среда на Кутузовском,Кунцевская,7 мин,3-комнатная квартира,87.36 м2,33 752 846 ₽,386 365 ₽ за м2,4.1,6/44,52,Предчистовая,4 квартал 2027
Среда,Среда на Кутузовском,Кунцевская,7 мин,3-комнатная квартира,83.17 м2,33 793 218 ₽,406 315 ₽ за м2,4.1,35/44,319,Предчистовая,4 квартал 2027
Среда,Среда на Лобачевского,Аминьевская,7 мин,3-комнатная квартира,87 м2,33 806 634 ₽,388 582 ₽ за м2,5.3,5/13,188,Предчистовая,2 квартал 2027
Среда,Среда на Кутузовском,Кунцевская,7 мин,3-комнатная квартира,83.17 м2,33 848 526 ₽,406 980 ₽ за м2,4.1,36/44,327,Предчистовая,4 квартал 2027
Среда,Среда на Кутузовском,Кунцевская,7 мин,3-комнатная квартира,75.21 м2,33 852 773 ₽,450 110 ₽ за м2,5,25/30,772,Предчистовая,4 квартал 2027
Среда,Среда на Лобачевского,Аминьевская,7 мин,3-комнатная квартира,87.1 м2,33 896 184 ₽,389 164 ₽ за м2,5.1,2/13,1,Предчистовая,2 квартал 2027
Среда,Среда на Кутузовском,Кунцевская,7 мин,3-комнатная квартира,83.17 м2,33 911 735 ₽,407 740 ₽ за м2,4.1,37/44,335,Предчистовая,4 квартал 2027
Среда,Среда на Лобачевского,Аминьевская,7 мин,3-комнатная квартира,89 м2,34 454 303 ₽,387 127 ₽ за м2,5.7,3/13,423,Предчистовая,4 квартал 2027
Среда,Среда на Лобачевского,Аминьевская,7 мин,3-комнатная квартира,89 м2,34 894 586 ₽,392 074 ₽ за м2,5.7,6/13,444,Предчистовая,4 квартал 2027
Среда,Среда на Лобачевского,Аминьевская,7 мин,3-комнатная квартира,89 м2,35 205 374 ₽,395 566 ₽ за м2,5.7,8/13,458,Предчистовая,4 квартал 2027
Среда,Среда на Лобачевского,Аминьевская,7 мин,3-комнатная квартира,95 м2,35 579 115 ₽,374 517 ₽ за м2,5.4,2/27,250,Предчистовая,2 квартал 2027
Среда,Среда на Лобачевского,Аминьевская,7 мин,3-комнатная квартира,89 м2,35 801 051 ₽,402 259 ₽ за м2,5.7,12/13,486,Предчистовая,4 квартал 2027
Среда,Среда на Кутузовском,Кунцевская,7 мин,3-комнатная квартира,90.51 м2,35 950 119 ₽,397 195 ₽ за м2,4.2,3/12,397,Без отделки,4 квартал 2027
Среда,Среда на Лобачевского,Аминьевская,7 мин,3-комнатная квартира,95.7 м2,37 642 159 ₽,393 335 ₽ за м2,5.4,8/27,322,Предчистовая,2 квартал 2027
Среда,Среда на Лобачевского,Аминьевская,7 мин,3-комнатная квартира,95.7 м2,38 087 738 ₽,397 991 ₽ за м2,5.4,12/27,373,Предчистовая,2 квартал 2027
